ID,dL,kL,kN,pL,delta,f_dose,kappa,gamma,L_max,L_AUC,T_AUC_normalized,tumor_ratio,Column16,no_therapy_L_max,no_therapy_L_AUC,no_therapy_T_AUC_normalized,no_therapy_tumor_ratio,cish_L_max,cish_L_AUC,cish_T_AUC_normalized,cish_tumor_ratio,double_cish_L_max,double_cish_L_AUC,double_cish_T_AUC_normalized,double_cish_tumor_ratio,anti_pd1_L_max,anti_pd1_L_AUC,anti_pd1_T_AUC_normalized,anti_pd1_tumor_ratio,cish_anti_pd1_L_max,cish_anti_pd1_L_AUC,cish_anti_pd1_T_AUC_normalized,cish_anti_pd1_tumor_ratio,double_cish_anti_pd1_L_max,double_cish_anti_pd1_L_AUC,double_cish_anti_pd1_T_AUC_normalized,double_cish_anti_pd1_tumor_ratio
patient_002_tumor_1,0.052423614,0.017544228,0.000238063,0.001777547,1.94e-9,0.317849719,0.476209438,0.003009375,0.0091403,0.167068322,48.79894546,0.997427049,,1.0e-10,4.999999999999993e-9,52.243058813480886,1.0904019010365797,0.009140299949212125,0.1670683205121898,48.79894623969134,0.997427081546746,0.018286457291593474,0.33714447843890116,45.478089498378324,0.9048056827508442,1.0e-10,4.999999999999993e-9,50.526982974290604,1.0209761177695253,0.009143960775434357,0.16904278807790735,44.29044475358252,0.8608138865995864,0.018299306906355714,0.3433626563623872,39.02485386582672,0.7232729899700621
patient_002_tumor_2,0.052423614,0.017544228,0.000238063,0.001777547,1.94e-9,0.317849719,0.476209438,0.001000002,0.009381863,0.193104601,49.60117862,0.996380783,,1.0e-10,4.999999999999993e-9,50.74288398227641,1.0284440704294189,0.009381863396936543,0.19310459898379384,49.60117863090577,0.9963807840173522,0.01876442854372991,0.3865700612557543,48.406422545627386,0.9618299863002935,1.0e-10,4.999999999999993e-9,50.185839177382256,1.0047358189366802,0.00938218879275762,0.1933672558415056,47.92777643942053,0.9427661917435429,0.018765595944636813,0.3874646354249748,45.689232662672396,0.8801242629528724
patient_002_tumor_3,0.052423614,0.017544228,0.000238063,0.001777547,1.94e-9,0.317849719,0.476209438,0.003414606,0.009308735,0.184170906,51.51513617,1.08423457,,1.0e-10,4.999999999999993e-9,53.542057993482054,1.1424524029732652,0.0093087350245113,0.18417090415416562,51.51513680304534,1.0842345976547747,0.018619169524867477,0.3693766883885007,49.45511874004182,1.0232546599946897,1.0e-10,4.999999999999993e-9,52.52906045297294,1.0983502206463374,0.009309695871867332,0.18487439686019863,48.65272978221051,0.9908641774878193,0.01862259366032119,0.3716969387945572,45.03294745721872,0.8887752327090912
patient_002_tumor_4,0.052423614,0.017544228,0.000238063,0.001777547,1.94e-9,0.317849719,0.476209438,0.002653288,0.009300017,0.18336667,50.42872907,1.040878854,,1.0e-10,4.999999999999993e-9,52.48182138030069,1.0987355064499493,0.009300017050699475,0.18336666865067247,50.42872994096619,1.0408788908069941,0.018601885845997524,0.36784241883336727,48.34884019507,0.9805076322394048,1.0e-10,4.999999999999993e-9,51.46319901035564,1.0552999719960101,0.009301075784992768,0.1841179144546964,47.54629828084509,0.9488117802594171,0.018605655676300927,0.3703147401205491,43.909264396561966,0.8483314189074591
patient_003_tumor_1,0.487735219,0.012608145,0.000247829,0.003798878,1.72e-8,0.100160973,0.111953464,0.00606457,0.049247224,0.434924492,47.38129403,1.042094096,,1.0e-10,4.999999999999993e-9,56.40036065812293,1.2650072480287224,0.04924722396978056,0.4349244922238137,47.38129362362776,1.0420940790424942,0.098536431836167,0.8732867045805907,40.808945405562014,0.8811029891108973,1.0e-10,4.999999999999993e-9,54.39923112083498,1.1793505772751423,0.04928322180529569,0.4362366635534092,39.47325545702108,0.8293418983971623,0.09866160497622535,0.8770592014497902,31.057866029888462,0.634841965580623
patient_003_tumor_2,0.487735219,0.012608145,0.000247829,0.003798878,1.72e-8,0.100160973,0.111953464,0.005584875,0.049392595,0.436749196,48.08270626,1.051315499,,1.0e-10,4.999999999999993e-9,55.93868467329679,1.2442892517659714,0.04939259491292301,0.4367491960860297,48.08270510367695,1.051315449017752,0.09881103150214587,0.8763928316313974,42.11426506975753,0.9057253702108786,1.0e-10,4.999999999999993e-9,54.18927207924286,1.1687059582199433,0.04941939128990768,0.4377640689015653,40.86059742223296,0.8569467125842322,0.0989055328152104,0.8793994329174221,32.8499480337973,0.6717884047460715
patient_006_tumor_1,0.002226474,0.002698763,0.000669789,0.020580132,2.02e-9,1.0,0.05,0.001000003,0.002178116,0.082465891,50.10124229,1.000223908,,0.00028225384515917745,0.007182037078961846,50.136293350116944,1.0018477370044854,0.0021781163822708364,0.08246588978358,50.101241471788164,1.0002238742470275,0.00434751961748346,0.16469107396255322,50.04877684143542,0.9979215674943723,0.00028468927794506944,0.007221990218078059,48.97828798733975,0.953058320804806,0.0021890470205199212,0.08262304493747855,48.90980594129096,0.9499861601231558,0.004370241149790968,0.16501797176598476,48.80748328428665,0.9456497749377566
patient_009_tumor_1,0.5,0.002531296,0.000258573,0.002263659,1.87e-9,0.82320656,0.5,0.018635491,0.490876769,1.728231212,65.36622174,1.934585909,,1.0e-10,4.999999999999993e-9,79.01236681481582,2.3465533042137006,0.49087676918786205,1.7282312149034644,65.366215465096,1.9345856156361976,0.9814770004764224,3.4627414854521947,55.76751530906837,1.646095006331156,1.0e-10,4.999999999999993e-9,75.48606484207626,2.162209357419065,0.4910052328594065,1.7341767334354972,53.1936956108217,1.5199234458770812,0.9819420873300314,3.480062773662,41.19190792821664,1.1763127376957998
patient_009_tumor_2,0.5,0.002531296,0.000258573,0.002263659,1.87e-9,0.82320656,0.5,0.012950987,0.491325461,1.733727627,56.97678992,1.493641439,,1.0e-10,4.999999999999993e-9,67.7435551396102,1.7820671861371835,0.49132546145865186,1.733727629189898,56.97678551329622,1.493641255043988,0.9823379206360799,3.472123194269527,49.187751824820204,1.285542475473121,1.0e-10,4.999999999999993e-9,65.16495802020727,1.6576883582865916,0.49143398750568207,1.7388027220486977,47.20439859306546,1.198057822504312,0.982733279328208,3.487165379426705,37.10456921791356,0.9400796619084602
patient_009_tumor_3,0.5,0.002531296,0.000258573,0.002263659,1.87e-9,0.82320656,0.5,0.010572297,0.494280961,1.767740751,60.07881756,1.516079287,,1.0e-10,4.999999999999993e-9,64.72737118737331,1.635331318179608,0.49428096128124654,1.767740753269194,60.07881490481364,1.516079170012408,0.9880823374432313,3.53263617674098,56.05567032888767,1.4127012084127506,1.0e-10,4.999999999999993e-9,63.526019631888744,1.5733593562421229,0.494299312593968,1.7687874610730498,54.84656448812139,1.3577245624960084,0.988152137777375,3.536196870851388,48.27853824091258,1.1938169297281493
patient_009_tumor_4,0.5,0.002531296,0.000258573,0.002263659,1.87e-9,0.82320656,0.5,0.007803194,0.494951663,1.77606845,57.48607863,1.369057116,,1.0e-10,4.999999999999993e-9,60.451811062635436,1.4412439120767138,0.49495166354389514,1.776068452118441,57.48607657237732,1.369057027657503,0.9894044029683041,3.5482355497089344,54.797620260592105,1.3035190735583788,1.0e-10,4.999999999999993e-9,59.71081163757872,1.4040530847126078,0.49495990018582287,1.7765583721985176,53.98132938235427,1.2678483295538765,0.9894360554599934,3.549973025364708,49.26616428285743,1.1553972134059471
patient_012_tumor_1,0.5,0.00100228,0.001,0.002386247,2.1e-9,0.658312222,0.326995078,0.010778424,0.577256997,2.276285984,57.1585786,1.358595548,,1.0e-10,4.999999999999993e-9,60.256021032675655,1.4212910239037053,0.577256997134639,2.2762859844768206,57.158579640444444,1.358595562658728,1.1534570232171122,4.548215270277403,54.34733511580825,1.3003414430254239,1.0e-10,4.999999999999993e-9,55.05118158885853,1.1912914004177986,0.5773401948645328,2.2785678833780847,49.82754667686118,1.0987499541277623,1.153742113356648,4.555436018790328,45.5216926118741,1.0197348601547573
patient_012_tumor_2,0.5,0.00100228,0.001,0.002386247,2.1e-9,0.658312222,0.326995078,0.008345952,0.578796423,2.290452566,55.5678549,1.269948249,,1.0e-10,4.999999999999993e-9,57.79954497100321,1.3130307470328384,0.5787964234372007,2.2904525673578773,55.56785604460958,1.2699482753077698,1.1564748563477898,4.574977511468599,53.484266347465606,1.2286811557846566,1.0e-10,4.999999999999993e-9,53.93700804879272,1.1420225984383732,0.5788417727929114,2.291737273713239,49.993701513787826,1.0741596557574395,1.1566318273481682,4.57916203702066,46.579016890868814,1.013133914672059
patient_012_tumor_3,0.5,0.00100228,0.001,0.002386247,2.1e-9,0.658312222,0.326995078,0.01148647,0.574612838,2.25288026,55.27358155,1.3131597,,1.0e-10,4.999999999999993e-9,59.617281310883456,1.4045719689981717,0.5746128386537197,2.252880259873434,55.27358334541962,1.3131597361594929,1.1483109957750648,4.504857672220069,51.51776109221651,1.232910909343353,1.0e-10,4.999999999999993e-9,53.071149527786694,1.1290427423780223,0.5747866118169693,2.257325185442781,46.18033843073599,1.0038107964556948,1.1488964866071412,4.5184029501273795,40.93832214710739,0.9063583347614927
patient_012_tumor_4,0.5,0.00100228,0.001,0.002386247,2.1e-9,0.658312222,0.326995078,0.011725085,0.574424114,2.251213963,55.41431653,1.322198812,,1.0e-10,4.999999999999993e-9,59.8660087551245,1.4165293497478535,0.5744241142905708,2.251213963425352,55.41431842659935,1.3221988519322538,1.1479454774202023,4.5018042315619375,51.578191834130685,1.239729801249279,1.0e-10,4.999999999999993e-9,53.18328533061453,1.135076838414209,0.5746055574549159,2.255836136764782,46.15258681801163,1.0065233249252292,1.148556091321038,4.515854468501632,40.83359088716356,0.9071622695350473
patient_012_tumor_5,0.5,0.00100228,0.001,0.002386247,2.1e-9,0.658312222,0.326995078,0.011655024,0.577824245,2.281319723,59.14874835,1.439141809,,1.0e-10,4.999999999999993e-9,62.04212859149462,1.49832637589394,0.5778242452326927,2.281319724449,59.14874927652623,1.4391418207652837,1.1545671285227348,4.557665826402514,56.49388147880205,1.3834511396112317,1.0e-10,4.999999999999993e-9,56.94442734330315,1.2657180416117715,0.5778921911258772,2.283219656908004,52.00376818449963,1.1770027934386482,1.1548008252273545,4.563735176979192,47.85545619653828,1.0996979126482798
patient_014_tumor_1,0.212669605,0.003266188,0.000350251,0.002435834,2.94e-8,0.605545443,0.075350737,0.006288317,0.15544622,1.216893588,54.42078056,1.234830125,,1.0e-10,4.999999999999993e-9,57.59075607116519,1.3132550223203379,0.15544621919917134,1.2168935866282313,54.420780408082855,1.234830122886992,0.3107688540458324,2.4345940844528164,51.57155116067067,1.1643126054800628,1.0e-10,4.999999999999993e-9,56.39478426241824,1.256990056952305,0.15546130715791295,1.2182773024628222,50.42506346796127,1.11478455491714,0.31082431652388026,2.4392537681809037,45.6080878976211,1.000060189574634
patient_014_tumor_2,0.212669605,0.003266188,0.000350251,0.002435834,2.94e-8,0.605545443,0.075350737,0.007212277,0.155581713,1.219972178,56.07608533,1.302520031,,1.0e-10,4.999999999999993e-9,59.08014643018849,1.3784350801450116,0.1555817126082188,1.2199721760287474,56.07608492501986,1.302520016067612,0.311035441010149,2.4403795357475473,53.351540577212546,1.2336126840418742,1.0e-10,4.999999999999993e-9,57.92051582252406,1.3223793607613057,0.1555942891953555,1.2211525740305709,52.22592897673107,1.1835998532453438,0.31108179710844885,2.4444204953198203,47.55587365699439,1.069752137037648
patient_014_tumor_3,0.212669605,0.003266188,0.000350251,0.002435834,2.94e-8,0.605545443,0.075350737,0.002707134,0.155719656,1.223909863,50.34765831,1.053243766,,1.0e-10,4.999999999999993e-9,52.72408643007093,1.1080339888567585,0.1557196554844845,1.2239098620867879,50.347657768694866,1.05324374691553,0.31130724136224086,2.4478454189368493,48.168645221124784,1.0029806426300907,1.0e-10,4.999999999999993e-9,51.87310000261845,1.0704699271091531,0.15572991309700704,1.2248511524964127,47.31294524178921,0.9685656768455968,0.31134515090168585,2.4510833751140026,43.496228172362436,0.8833331813973065
patient_014_tumor_4,0.212669605,0.003266188,0.000350251,0.002435834,2.94e-8,0.605545443,0.075350737,0.017597833,0.146880757,1.04669106,53.72999656,1.505479737,,1.0e-10,4.999999999999993e-9,73.6039809133089,2.1237232607418783,0.14688075680913193,1.0466910633368072,53.72999246397737,1.5054795689207359,0.29459724670200615,2.140640603427588,42.168770716527305,1.1546852412671584,1.0e-10,4.999999999999993e-9,67.43652419847547,1.8582321881269634,0.1474600658996783,1.0747862766902994,39.07498515285858,1.0189991181620406,0.2964412890015054,2.2136285519958636,27.59327032701047,0.6982234264195638
patient_014_tumor_5,0.212669605,0.003266188,0.000350251,0.002435834,2.94e-8,0.605545443,0.075350737,0.019780356,0.146872127,1.045252325,56.90117461,1.672045209,,1.0e-10,4.999999999999993e-9,78.2218121194367,2.3655213610084904,0.1468721269757704,1.045252327967956,56.90117030475907,1.6720450281090957,0.29458139155134866,2.1382234853219098,44.54619750577289,1.2798310056003177,1.0e-10,4.999999999999993e-9,71.50579371525913,2.066439169934738,0.14745222412241893,1.0736098925201922,41.18726660720267,1.1265592984938284,0.29642783251631766,2.2118726368809987,28.997942555347894,0.7700253853139277
patient_015_tumor_1,0.230685834,0.003021525,0.000270121,0.002448575,1.5e-9,0.811475679,0.063287543,0.003392176,0.037187162,0.241988931,50.51607806,1.059027394,,1.0e-10,4.999999999999993e-9,52.39668380387836,1.1017097786521572,0.037187162321693445,0.2419889296673621,50.5160796091114,1.0590274508138022,0.07437860495534018,0.48580703618451865,48.69972193407146,1.017666350687125,1.0e-10,4.999999999999993e-9,50.316576682990544,1.0217631123246513,0.03719550338110903,0.24267562250704003,46.81158845949153,0.9457412898772591,0.07440672676239195,0.4880578196477157,43.66110816092899,0.877353886928685
patient_015_tumor_2,0.230685834,0.003021525,0.000270121,0.002448575,1.5e-9,0.811475679,0.063287543,0.004630626,0.037512253,0.248899503,53.09574568,1.152529652,,1.0e-10,4.999999999999993e-9,54.524046446053276,1.1858804669269463,0.03751225310765845,0.24889950140549263,53.095747379612696,1.1525297207697547,0.0750230700362471,0.4992241678782941,51.68849596513676,1.1195186502885064,1.0e-10,4.999999999999993e-9,52.775017067366115,1.1131310183735628,0.03751638533335695,0.24928430020487582,50.05350424762145,1.052317017511348,0.07503708120949652,0.5004814651431485,47.513324159599925,0.9953462406284315
patient_017_tumor_1,0.32881669,0.002143454,0.001,0.001970213,1.89e-9,0.993973097,0.065459054,0.013584114,0.360546508,1.831677184,65.4856432,1.714170328,,1.0e-10,4.999999999999993e-9,68.15619149146438,1.7793899444672308,0.3605465070659843,1.8316771804029075,65.48564386086402,1.7141703492097484,0.7207268483738645,3.660349866189056,63.002104529144624,1.6527290226152234,1.0e-10,4.999999999999993e-9,64.89286319380764,1.6070523468651114,0.3605570173368851,1.83248061555544,60.026286877476025,1.4983437839802851,0.7207643103613278,3.663031593172969,55.83013181587894,1.4024659971797997
patient_017_tumor_2,0.32881669,0.002143454,0.001,0.001970213,1.89e-9,0.993973097,0.065459054,0.012886478,0.360585727,1.832413821,64.42116127,1.663165348,,1.0e-10,4.999999999999993e-9,66.98054618660645,1.725009460108661,0.360585725707269,1.8324138177100726,64.42116202495892,1.663165374145211,0.7208044116638125,3.6617573977060145,62.036448958295814,1.6048096981094586,1.0e-10,4.999999999999993e-9,63.89008927486896,1.5634302627278274,0.3605957080550457,1.8331761311400496,59.20692209727628,1.459656908337516,0.7208400097187881,3.6643074521966486,55.1547795989722,1.3678692228052047
patient_017_tumor_3,0.32881669,0.002143454,0.001,0.001970213,1.89e-9,0.993973097,0.065459054,0.026494598,0.354673681,1.736829068,72.10104185,2.295334745,,1.0e-10,4.999999999999993e-9,85.93552902229784,2.738890337647884,0.35467367974301545,1.736829063150753,72.10104310183317,2.295334766924407,0.7093326665755761,3.4899316099452924,62.20886219018613,1.9838756208230246,1.0e-10,4.999999999999993e-9,72.0501090312564,2.0250595689334645,0.35490741307068463,1.7495322940576306,53.38925506124707,1.5135524861229888,0.7101088656516302,3.5248299316488154,42.76649792480685,1.2316233813690558
patient_017_tumor_4,0.32881669,0.002143454,0.001,0.001970213,1.89e-9,0.993973097,0.065459054,0.028388169,0.356451387,1.762514407,80.88659704,2.68101538,,1.0e-10,4.999999999999993e-9,92.7528866097315,3.0625407743213726,0.3564513863280965,1.762514403375148,80.88659795978523,2.6810153883887056,0.7127368203727709,3.534300407431753,71.77260844219771,2.390027848216836,1.0e-10,4.999999999999993e-9,79.13692914596854,2.314123608693559,0.3565883551430043,1.7709126198631429,62.285208849133,1.852107178157413,0.7132010601694724,3.558310025911999,51.625869277873896,1.5631218710646257
patient_018_tumor_1,0.5,0.002763435,0.000260328,0.002405892,4.91e-9,1.0,0.050440084,0.033985665,0.085189603,0.328112848,122.7174651,4.926272692,,1.0e-10,4.999999999999993e-9,125.85620370726771,5.052252019644172,0.0851896027598415,0.32811284788218,122.71747369334776,4.926273291817762,0.17036039909616052,0.6567430925776324,119.66993179071709,4.803881437421858,1.0e-10,4.999999999999993e-9,120.26855399330249,4.65373667552368,0.085194028022253,0.32824797316286447,114.3602104072713,4.427458604058943,0.17037655009788205,0.657217027993657,108.90864588959845,4.218726266480627
patient_018_tumor_2,0.5,0.002763435,0.000260328,0.002405892,4.91e-9,1.0,0.050440084,0.031090961,0.08539349,0.330078362,113.8175173,4.349651543,,1.0e-10,4.999999999999993e-9,116.01540299444395,4.433127798505977,0.0853934903999025,0.3300783618726185,113.81752384113214,4.34965200096809,0.17076505666205716,0.6605837993897001,111.65744487027227,4.26750452189945,1.0e-10,4.999999999999993e-9,111.96230262048752,4.142791365205861,0.085396029463852,0.3301569678925695,107.7426958009967,3.9898187964335263,0.17077435885542525,0.6608634303806563,103.7551182691396,3.8450186689509067
patient_019_tumor_1,0.13758182,0.001027152,0.000225805,0.002447171,4.15e-9,1.0,0.05,0.005180207,0.148188159,1.409437849,54.86338591,1.222050006,,1.0e-10,4.999999999999993e-9,56.2343956672847,1.2564292465575595,0.14818815879352107,1.409437845681082,54.863387624961135,1.2220500793372984,0.29626707608842545,2.817911530548343,53.54835522030406,1.1889104937179789,1.0e-10,4.999999999999993e-9,55.35974388880412,1.2162934863276236,0.14819310592297746,1.41107589471645,52.66609461545398,1.150564451384339,0.2962847217965696,2.8233864874198984,50.21224825513135,1.0904968988543617
patient_019_tumor_2,0.13758182,0.001027152,0.000225805,0.002447171,4.15e-9,1.0,0.05,0.003040858,0.147827933,1.392492143,51.56586419,1.088085301,,1.0e-10,4.999999999999993e-9,53.10543426235584,1.1248644417522449,0.14782793316608095,1.3924921401412718,51.56586525446093,1.0880853427729011,0.29555082091534524,2.785263079288125,50.10383469989481,1.0530231836959865,1.0e-10,4.999999999999993e-9,52.17461573351529,1.0848410316556198,0.14783538186318115,1.3947780899907072,49.17625074601316,1.0152962095754667,0.2955773335321006,2.7928648792391098,46.49587125058911,0.9530300479284202
patient_019_tumor_3,0.13758182,0.001027152,0.000225805,0.002447171,4.15e-9,1.0,0.05,0.002113877,0.148118172,1.407557013,50.70071043,1.048600716,,1.0e-10,4.999999999999993e-9,51.990129751917415,1.0788935961183619,0.1481181717743162,1.4075570099108676,50.70071168866761,1.048600765448982,0.2961278604244961,2.81423719184904,49.46595115352541,1.0194668004944776,1.0e-10,4.999999999999993e-9,51.208711015666196,1.0454855424069958,0.1481235667128865,1.4092599988947543,48.67456371464331,0.9875144406278856,0.29614709420373814,2.819936449920769,46.37214619512808,0.9347263541134798
patient_019_tumor_4,0.13758182,0.001027152,0.000225805,0.002447171,4.15e-9,1.0,0.05,0.003593533,0.144576431,1.248880884,49.27813933,1.037637093,,1.0e-10,4.999999999999993e-9,52.90912002326357,1.1243526721937078,0.1445764305497405,1.2488808781520033,49.27814191044316,1.0376371821464916,0.28911880162666276,2.512596627481958,46.08775938405374,0.9616359500940723,1.0e-10,4.999999999999993e-9,51.03213338116243,1.053151673640883,0.14462878119191933,1.2597955615805647,44.42848300151441,0.9012330031526062,0.2893018310715444,2.5476464035882715,39.319232917780106,0.784921407335198
patient_020_tumor_1,0.31097465,0.00285365,0.000263171,0.00234789,2.24e-9,1.0,0.050000183,0.006866938,0.045641916,0.237645748,57.10184497,1.314341816,,1.0e-10,4.999999999999993e-9,58.15950825511063,1.339793270011844,0.045641915893829724,0.23764574590899126,57.10184400835448,1.3143417754867155,0.09127925184745217,0.4761610995173814,56.04744418059481,1.2888808839489507,1.0e-10,4.999999999999993e-9,56.63509335567478,1.2706911074476264,0.04564352874555476,0.23778049088656822,54.57925065642577,1.2231810601245625,0.09128483006462014,0.4766130318061865,52.6067481005544,1.1774347871291775
patient_020_tumor_2,0.31097465,0.00285365,0.000263171,0.00234789,2.24e-9,1.0,0.050000183,0.014139071,0.045729654,0.239101942,69.73852248,1.89502557,,1.0e-10,4.999999999999993e-9,70.83883698659668,1.9258742300751668,0.045729653960874736,0.2391019401871123,69.73852168632818,1.8950255279095343,0.09145399431362104,0.4790238589612575,68.63343499635737,1.8639350445852312,1.0e-10,4.999999999999993e-9,68.9531904496089,1.8251976036041908,0.04573074887604075,0.23920144171792634,66.80886136039842,1.7675074105260438,0.0914577875344042,0.4793606762984559,64.72489479106052,1.7112301458232986
patient_022_tumor_1,0.434038858,1.0,0.001,0.001686669,1.17e-9,0.01028042,0.5,0.001000002,0.087814945,0.506853917,7.014425163,0.110680557,,1.0e-10,4.999999999999993e-9,41.55651607531823,0.6964187688462387,0.08781494525352866,0.5068539165784787,7.014425133006281,0.11068055535276014,0.1757781919907535,1.0155678900339848,4.098673326659025,0.059586186501393135,1.0e-10,4.999999999999993e-9,35.09404477048269,0.5088287245343553,0.08790517652811536,0.507616846468194,3.942758700087363,0.05607207342001826,0.17592898516806868,1.0166079414363864,2.2967933767135107,0.02941176923908442
