t_sim,sim_NoCells,sim_NoCellsAPD1,sim_WT,sim_WTAPD1,sim_CISHKO,sim_CISHKOAPD1,t_exp,exp_NoCells,exp_NoCellsAPD1,exp_WT,exp_WTAPD1,exp_CISHKO,exp_CISHKOAPD1
0,25,NaN,NaN,NaN,NaN,NaN,0,25,NaN,NaN,NaN,NaN,NaN
0.103250904981955,25.4231934044173,NaN,NaN,NaN,NaN,NaN,4.935525849,58.2278481,NaN,NaN,NaN,NaN,NaN
0.206501809963909,25.8547668296894,NaN,NaN,NaN,NaN,NaN,6.829527978,94.93670886,NaN,NaN,NaN,NaN,NaN
0.309752714945864,26.294792111432,NaN,NaN,NaN,NaN,NaN,9.616704129,203.7974684,NaN,NaN,NaN,NaN,NaN
0.413003619927818,26.7433514905321,NaN,NaN,NaN,NaN,NaN,11.49414409,249.3670886,NaN,NaN,NaN,NaN,NaN
0.600503619927818,27.5800444547467,NaN,NaN,NaN,NaN,NaN,13.38932923,285.443038,NaN,NaN,NaN,NaN,NaN
0.788003619927818,28.4458237778662,NaN,NaN,NaN,NaN,NaN,16.18715249,388.6075949,NaN,NaN,NaN,NaN,NaN
0.975503619927818,29.3413983579154,NaN,NaN,NaN,NaN,NaN,0,NaN,25,NaN,NaN,NaN,NaN
1.16300361992782,30.2675361497277,NaN,NaN,NaN,NaN,NaN,3.20359635632319,NaN,34.8101265822784,NaN,NaN,NaN,NaN
1.35050361992782,31.225068449304,NaN,NaN,NaN,NaN,NaN,5.05264403170472,NaN,45.5696202531645,NaN,NaN,NaN,NaN
1.53800361992782,32.2148878421232,NaN,NaN,NaN,NaN,NaN,7.06258133207145,NaN,70.253164556962,NaN,NaN,NaN,NaN
1.72550361992782,33.2379328462196,NaN,NaN,NaN,NaN,NaN,9.85685555424109,NaN,125.316455696202,NaN,NaN,NaN,NaN
1.91300361992782,34.2951877614639,NaN,NaN,NaN,NaN,NaN,11.7260144327457,NaN,175.316455696202,NaN,NaN,NaN,NaN
2.10050361992782,35.3876838804731,NaN,NaN,NaN,NaN,NaN,13.4922512717378,NaN,230.379746835443,NaN,NaN,NaN,NaN
2.28800361992782,36.5164990820673,NaN,NaN,NaN,NaN,NaN,16.2356559801254,NaN,362.658227848101,NaN,NaN,NaN,NaN
2.47550361992782,37.6827551433591,NaN,NaN,NaN,NaN,NaN,0,NaN,NaN,25,NaN,NaN,NaN
2.66300361992782,38.8876181902084,NaN,NaN,NaN,NaN,NaN,3.203596356,NaN,NaN,34.81012658,NaN,NaN,NaN
2.85050361992782,40.1322993971883,NaN,NaN,NaN,NaN,NaN,5.052644032,NaN,NaN,45.56962025,NaN,NaN,NaN
3.03800361992782,41.4180549262195,NaN,NaN,NaN,NaN,NaN,7.062581332,NaN,NaN,70.25316456,NaN,NaN,NaN
3.22550361992782,42.7461870169791,NaN,NaN,NaN,NaN,NaN,10.20502625879,NaN,NaN,82.4051271400172,NaN,NaN,NaN
3.41300361992782,44.1180450707922,NaN,NaN,NaN,NaN,NaN,11.914072931193,NaN,NaN,87.9061211168145,NaN,NaN,NaN
3.60050361992782,45.5350262630158,NaN,NaN,NaN,NaN,NaN,14.1441414710856,NaN,NaN,146.334154229593,NaN,NaN,NaN
3.78800361992782,46.9985755541669,NaN,NaN,NaN,NaN,NaN,17.1806664095184,NaN,NaN,157.982968875174,NaN,NaN,NaN
3.97550361992782,48.5101884530933,NaN,NaN,NaN,NaN,NaN,19.105420882414,NaN,NaN,236.990772334807,NaN,NaN,NaN
4.16300361992782,50.0714125467044,NaN,NaN,NaN,NaN,NaN,21.0788357119544,NaN,NaN,264.90520131739,NaN,NaN,NaN
4.35050361992782,51.6838481288241,NaN,NaN,NaN,NaN,NaN,23.8779930569978,NaN,NaN,325.789989021748,NaN,NaN,NaN
4.53800361992782,53.3491482124034,NaN,NaN,NaN,NaN,NaN,26.9545737768151,NaN,NaN,395.38023321366,NaN,NaN,NaN
4.72550361992782,55.0690223408757,NaN,NaN,NaN,NaN,NaN,0,NaN,NaN,NaN,25,NaN,NaN
4.91300361992782,56.8452384833904,NaN,NaN,NaN,NaN,NaN,3.203596356,NaN,NaN,NaN,34.81012658,NaN,NaN
5.10050361992782,58.6796237180919,NaN,NaN,NaN,NaN,NaN,5.052644032,NaN,NaN,NaN,45.56962025,NaN,NaN
5.28800361992782,60.5740642249861,NaN,NaN,NaN,NaN,NaN,7.062581332,NaN,NaN,NaN,70.25316456,NaN,NaN
5.47550361992782,62.5305099560925,NaN,NaN,NaN,NaN,NaN,9.95371331928908,NaN,NaN,NaN,46.2837136159986,NaN,NaN
5.66300361992782,64.5509768778197,NaN,NaN,NaN,NaN,NaN,12.5264813221374,NaN,NaN,NaN,44.8773106251669,NaN,NaN
5.85050361992782,66.6375477298645,NaN,NaN,NaN,NaN,NaN,14.3414532830905,NaN,NaN,NaN,39.1567516244844,NaN,NaN
6.03800361992782,68.7923719926049,NaN,NaN,NaN,NaN,NaN,16.9142212859389,NaN,NaN,NaN,37.7503486336527,NaN,NaN
6.22550361992782,71.0176713860483,NaN,NaN,NaN,NaN,NaN,19.0078034596326,NaN,NaN,NaN,39.4890662552295,NaN,NaN
6.41300361992782,73.3157424725818,NaN,NaN,NaN,NaN,NaN,21.1901017713556,NaN,NaN,NaN,48.0758389460878,NaN,NaN
6.60050361992782,75.688957508243,NaN,NaN,NaN,NaN,NaN,24.3224638756193,NaN,NaN,NaN,59.0956294691867,NaN,NaN
6.78800361992782,78.1397643824751,NaN,NaN,NaN,NaN,NaN,25.6422276948639,NaN,NaN,NaN,73.3436192623802,NaN,NaN
6.97550361992782,80.6706929874449,NaN,NaN,NaN,NaN,NaN,28.3716583093493,NaN,NaN,NaN,107.441474052754,NaN,NaN
7.16300361992782,83.2843582125012,NaN,NaN,NaN,NaN,NaN,31.2129484022193,NaN,NaN,NaN,124.08687653918,NaN,NaN
7.24725271494586,84.4864071762436,NaN,NaN,NaN,NaN,NaN,38.3642405720559,NaN,NaN,NaN,215.230098210841,NaN,NaN
7.33150180996391,85.7059548660559,NaN,NaN,NaN,NaN,NaN,0,NaN,NaN,NaN,NaN,25,NaN
7.41575090498195,86.9432556528615,NaN,NaN,NaN,NaN,NaN,3.203596356,NaN,NaN,NaN,NaN,34.81012658,NaN
7.5,88.1985676726243,NaN,NaN,NaN,NaN,NaN,5.052644032,NaN,NaN,NaN,NaN,45.56962025,NaN
7.5,88.1985676726243,NaN,NaN,NaN,NaN,NaN,7.062581332,NaN,NaN,NaN,NaN,70.25316456,NaN
7.79523694140802,92.7435871343939,NaN,NaN,NaN,NaN,NaN,11.63773148,NaN,NaN,NaN,NaN,52.49056927,NaN
8.09047388281604,97.524694255917,NaN,NaN,NaN,NaN,NaN,13.73713992,NaN,NaN,NaN,NaN,43.33847737,NaN
8.38571082422406,102.554142735705,NaN,NaN,NaN,NaN,NaN,15.11304012,NaN,NaN,NaN,NaN,33.88151578,NaN
8.68094776563207,107.844844231288,NaN,NaN,NaN,NaN,NaN,18.90174897,NaN,NaN,NaN,NaN,40.73216735,NaN
9.54344776563207,124.929957409046,NaN,NaN,NaN,NaN,NaN,21.6878858,NaN,NaN,NaN,NaN,47.26937586,NaN
10.4059477656321,144.73750488293,NaN,NaN,NaN,NaN,NaN,24.05606996,NaN,NaN,NaN,NaN,52.87208505,NaN
11.2684477656321,167.702529076794,NaN,NaN,NaN,NaN,NaN,26.00437243,NaN,NaN,NaN,NaN,60.30521262,NaN
12.1309477656321,194.332409234922,NaN,NaN,NaN,NaN,NaN,28.64776235,NaN,NaN,NaN,NaN,71.44633059,NaN
12.9934477656321,225.214565933076,NaN,NaN,NaN,NaN,NaN,31.00630144,NaN,NaN,NaN,NaN,90.87362826,NaN
13.8559477656321,261.022118962153,NaN,NaN,NaN,NaN,NaN,40.44560185,NaN,NaN,NaN,NaN,161.2097051,NaN
14.7184477656321,302.543628140952,NaN,NaN,NaN,NaN,NaN,0,NaN,NaN,NaN,NaN,NaN,25
15.5809477656321,350.698825470261,NaN,NaN,NaN,NaN,NaN,3.203596356,NaN,NaN,NaN,NaN,NaN,34.81012658
16.4434477656321,406.552637770078,NaN,NaN,NaN,NaN,NaN,5.052644032,NaN,NaN,NaN,NaN,NaN,45.56962025
17.3059477656321,471.325572685791,NaN,NaN,NaN,NaN,NaN,7.062581332,NaN,NaN,NaN,NaN,NaN,70.25316456
18.1684477656321,546.447564775019,NaN,NaN,NaN,NaN,NaN,12.0544165207845,NaN,NaN,NaN,NaN,NaN,40.5453520458119
19.0309477656321,633.586484838399,NaN,NaN,NaN,NaN,NaN,13.775331572857,NaN,NaN,NaN,NaN,NaN,33.5845473696703
19.8934477656321,734.673536416107,NaN,NaN,NaN,NaN,NaN,16.6427321009999,NaN,NaN,NaN,NaN,NaN,22.8139928196303
20.7559477656321,851.922438326001,NaN,NaN,NaN,NaN,NaN,18.644631041747,NaN,NaN,NaN,NaN,NaN,20.8201050351601
21.6184477656321,987.926640979167,NaN,NaN,NaN,NaN,NaN,20.7471145001928,NaN,NaN,NaN,NaN,NaN,13.2124736670326
22.4809477656321,1145.71073413556,NaN,NaN,NaN,NaN,NaN,24.0895469246061,NaN,NaN,NaN,NaN,NaN,3.65842803311278
23.3434477656321,1328.77607729065,NaN,NaN,NaN,NaN,NaN,26.2807465210812,NaN,NaN,NaN,NaN,NaN,2.89885173426699
24.2059477656321,1541.13782061864,NaN,NaN,NaN,NaN,NaN,28.9493516897605,NaN,NaN,NaN,NaN,NaN,0.863424620953651
25.0684477656321,1787.49879391435,NaN,NaN,NaN,NaN,NaN,30.9494703735572,NaN,NaN,NaN,NaN,NaN,0.738806634424236
25.9309477656321,2073.34075964603,NaN,NaN,NaN,NaN,NaN,39.3297332581669,NaN,NaN,NaN,NaN,NaN,1.46277779426162
26.4429254179409,2264.23226723503,NaN,NaN,NaN,NaN,NaN,NaN,NaN,NaN,NaN,NaN,NaN,NaN
26.9549030702497,2472.72539354164,NaN,NaN,NaN,NaN,NaN,NaN,NaN,NaN,NaN,NaN,NaN,NaN
27.4668807225586,2700.44366986392,NaN,NaN,NaN,NaN,NaN,NaN,NaN,NaN,NaN,NaN,NaN,NaN
27.9788583748674,2949.16547361066,NaN,NaN,NaN,NaN,NaN,NaN,NaN,NaN,NaN,NaN,NaN,NaN
28.4908360271762,3220.83164657551,NaN,NaN,NaN,NaN,NaN,NaN,NaN,NaN,NaN,NaN,NaN,NaN
29.0028136794851,3517.55077183905,NaN,NaN,NaN,NaN,NaN,NaN,NaN,NaN,NaN,NaN,NaN,NaN
29.5147913317939,3841.63357528235,NaN,NaN,NaN,NaN,NaN,NaN,NaN,NaN,NaN,NaN,NaN,NaN
30.0267689841027,4195.6102520651,NaN,NaN,NaN,NaN,NaN,NaN,NaN,NaN,NaN,NaN,NaN,NaN
30.4661639510709,4525.33072609035,NaN,NaN,NaN,NaN,NaN,NaN,NaN,NaN,NaN,NaN,NaN,NaN
30.9055589180391,4880.98476941534,NaN,NaN,NaN,NaN,NaN,NaN,NaN,NaN,NaN,NaN,NaN,NaN
31.3449538850073,5264.61213180216,NaN,NaN,NaN,NaN,NaN,NaN,NaN,NaN,NaN,NaN,NaN,NaN
31.7843488519755,5678.41694493541,NaN,NaN,NaN,NaN,NaN,NaN,NaN,NaN,NaN,NaN,NaN,NaN
32.1419406265452,6039.09379534046,NaN,NaN,NaN,NaN,NaN,NaN,NaN,NaN,NaN,NaN,NaN,NaN
32.4995324011149,6422.69480143589,NaN,NaN,NaN,NaN,NaN,NaN,NaN,NaN,NaN,NaN,NaN,NaN
32.8571241756846,6830.67689606713,NaN,NaN,NaN,NaN,NaN,NaN,NaN,NaN,NaN,NaN,NaN,NaN
33.2147159502543,7264.59150302573,NaN,NaN,NaN,NaN,NaN,NaN,NaN,NaN,NaN,NaN,NaN,NaN
33.5202402399374,7657.10904559891,NaN,NaN,NaN,NaN,NaN,NaN,NaN,NaN,NaN,NaN,NaN,NaN
33.8257645296206,8070.84610847412,NaN,NaN,NaN,NaN,NaN,NaN,NaN,NaN,NaN,NaN,NaN,NaN
34.1312888193037,8506.94976568111,NaN,NaN,NaN,NaN,NaN,NaN,NaN,NaN,NaN,NaN,NaN,NaN
34.4368131089868,8966.63012292399,NaN,NaN,NaN,NaN,NaN,NaN,NaN,NaN,NaN,NaN,NaN,NaN
34.7046348304683,9389.9805008832,NaN,NaN,NaN,NaN,NaN,NaN,NaN,NaN,NaN,NaN,NaN,NaN
34.9724565519498,9833.32766703487,NaN,NaN,NaN,NaN,NaN,NaN,NaN,NaN,NaN,NaN,NaN,NaN
35.2402782734312,10297.6161452693,NaN,NaN,NaN,NaN,NaN,NaN,NaN,NaN,NaN,NaN,NaN,NaN
35.5080999949127,10783.8356400679,NaN,NaN,NaN,NaN,NaN,NaN,NaN,NaN,NaN,NaN,NaN,NaN
35.7464091021335,11235.7533455179,NaN,NaN,NaN,NaN,NaN,NaN,NaN,NaN,NaN,NaN,NaN,NaN
35.9847182093542,11706.6165609533,NaN,NaN,NaN,NaN,NaN,NaN,NaN,NaN,NaN,NaN,NaN,NaN
36.223027316575,12197.2195370703,NaN,NaN,NaN,NaN,NaN,NaN,NaN,NaN,NaN,NaN,NaN,NaN
36.4613364237958,12708.3901242363,NaN,NaN,NaN,NaN,NaN,NaN,NaN,NaN,NaN,NaN,NaN,NaN
36.6756988276808,13186.4778693654,NaN,NaN,NaN,NaN,NaN,NaN,NaN,NaN,NaN,NaN,NaN,NaN
36.8900612315659,13682.5569544844,NaN,NaN,NaN,NaN,NaN,NaN,NaN,NaN,NaN,NaN,NaN,NaN
37.104423635451,14197.3044503083,NaN,NaN,NaN,NaN,NaN,NaN,NaN,NaN,NaN,NaN,NaN,NaN
37.3187860393361,14731.4230510302,NaN,NaN,NaN,NaN,NaN,NaN,NaN,NaN,NaN,NaN,NaN,NaN
37.5133669553379,15233.63632651,NaN,NaN,NaN,NaN,NaN,NaN,NaN,NaN,NaN,NaN,NaN,NaN
37.7079478713397,15752.9754916951,NaN,NaN,NaN,NaN,NaN,NaN,NaN,NaN,NaN,NaN,NaN,NaN
37.9025287873415,16290.0245850972,NaN,NaN,NaN,NaN,NaN,NaN,NaN,NaN,NaN,NaN,NaN,NaN
38.0971097033433,16845.3876085973,NaN,NaN,NaN,NaN,NaN,NaN,NaN,NaN,NaN,NaN,NaN,NaN
38.2751289771879,17370.0544452096,NaN,NaN,NaN,NaN,NaN,NaN,NaN,NaN,NaN,NaN,NaN,NaN
38.4531482510326,17911.0666121561,NaN,NaN,NaN,NaN,NaN,NaN,NaN,NaN,NaN,NaN,NaN,NaN
38.6311675248772,18468.9333637483,NaN,NaN,NaN,NaN,NaN,NaN,NaN,NaN,NaN,NaN,NaN,NaN
38.8091867987219,19044.1798069463,NaN,NaN,NaN,NaN,NaN,NaN,NaN,NaN,NaN,NaN,NaN,NaN
38.9731602522136,19589.8819877782,NaN,NaN,NaN,NaN,NaN,NaN,NaN,NaN,NaN,NaN,NaN,NaN
39.1371337057053,20151.2244702627,NaN,NaN,NaN,NaN,NaN,NaN,NaN,NaN,NaN,NaN,NaN,NaN
39.301107159197,20728.6555577731,NaN,NaN,NaN,NaN,NaN,NaN,NaN,NaN,NaN,NaN,NaN,NaN
39.4650806126887,21322.6363529426,NaN,NaN,NaN,NaN,NaN,NaN,NaN,NaN,NaN,NaN,NaN,NaN
39.6169944895066,21888.113644758,NaN,NaN,NaN,NaN,NaN,NaN,NaN,NaN,NaN,NaN,NaN,NaN
39.7689083663245,22468.5904069623,NaN,NaN,NaN,NaN,NaN,NaN,NaN,NaN,NaN,NaN,NaN,NaN
39.9208222431424,23064.4645449381,NaN,NaN,NaN,NaN,NaN,NaN,NaN,NaN,NaN,NaN,NaN,NaN
40.0727361199603,23676.1444463127,NaN,NaN,NaN,NaN,NaN,NaN,NaN,NaN,NaN,NaN,NaN,NaN
40.2141796750834,24260.2429416782,NaN,NaN,NaN,NaN,NaN,NaN,NaN,NaN,NaN,NaN,NaN,NaN
40.3556232302065,24858.7539481079,NaN,NaN,NaN,NaN,NaN,NaN,NaN,NaN,NaN,NaN,NaN,NaN
40.4970667853296,25472.0331307901,NaN,NaN,NaN,NaN,NaN,NaN,NaN,NaN,NaN,NaN,NaN,NaN
40.6385103404528,26100.4448447472,NaN,NaN,NaN,NaN,NaN,NaN,NaN,NaN,NaN,NaN,NaN,NaN
40.7707735452422,26702.0911542173,NaN,NaN,NaN,NaN,NaN,NaN,NaN,NaN,NaN,NaN,NaN,NaN
40.9030367500316,27317.608414523,NaN,NaN,NaN,NaN,NaN,NaN,NaN,NaN,NaN,NaN,NaN,NaN
41.0352999548211,27947.3164590524,NaN,NaN,NaN,NaN,NaN,NaN,NaN,NaN,NaN,NaN,NaN,NaN
41.1675631596105,28591.5424008497,NaN,NaN,NaN,NaN,NaN,NaN,NaN,NaN,NaN,NaN,NaN,NaN
41.2917074044236,29209.7292118981,NaN,NaN,NaN,NaN,NaN,NaN,NaN,NaN,NaN,NaN,NaN,NaN
41.4158516492368,29841.2840600752,NaN,NaN,NaN,NaN,NaN,NaN,NaN,NaN,NaN,NaN,NaN,NaN
41.5399958940499,30486.496061393,NaN,NaN,NaN,NaN,NaN,NaN,NaN,NaN,NaN,NaN,NaN,NaN
41.664140138863,31145.6604856395,NaN,NaN,NaN,NaN,NaN,NaN,NaN,NaN,NaN,NaN,NaN,NaN
41.7481051041472,31599.5482799037,NaN,NaN,NaN,NaN,NaN,NaN,NaN,NaN,NaN,NaN,NaN,NaN
41.8320700694315,32060.0515309612,NaN,NaN,NaN,NaN,NaN,NaN,NaN,NaN,NaN,NaN,NaN,NaN
41.9160350347157,32527.2666610029,NaN,NaN,NaN,NaN,NaN,NaN,NaN,NaN,NaN,NaN,NaN,NaN
42,33001.2914924802,NaN,NaN,NaN,NaN,NaN,NaN,NaN,NaN,NaN,NaN,NaN,NaN
0,NaN,25,NaN,NaN,NaN,NaN,NaN,NaN,NaN,NaN,NaN,NaN,NaN
0.103250904981955,NaN,25.4231934044173,NaN,NaN,NaN,NaN,NaN,NaN,NaN,NaN,NaN,NaN,NaN
0.206501809963909,NaN,25.8547668296894,NaN,NaN,NaN,NaN,NaN,NaN,NaN,NaN,NaN,NaN,NaN
0.309752714945864,NaN,26.294792111432,NaN,NaN,NaN,NaN,NaN,NaN,NaN,NaN,NaN,NaN,NaN
0.413003619927818,NaN,26.7433514905321,NaN,NaN,NaN,NaN,NaN,NaN,NaN,NaN,NaN,NaN,NaN
0.600503619927818,NaN,27.5800444547467,NaN,NaN,NaN,NaN,NaN,NaN,NaN,NaN,NaN,NaN,NaN
0.788003619927818,NaN,28.4458237778662,NaN,NaN,NaN,NaN,NaN,NaN,NaN,NaN,NaN,NaN,NaN
0.975503619927818,NaN,29.3413983579154,NaN,NaN,NaN,NaN,NaN,NaN,NaN,NaN,NaN,NaN,NaN
1.16300361992782,NaN,30.2675361497277,NaN,NaN,NaN,NaN,NaN,NaN,NaN,NaN,NaN,NaN,NaN
1.35050361992782,NaN,31.225068449304,NaN,NaN,NaN,NaN,NaN,NaN,NaN,NaN,NaN,NaN,NaN
1.53800361992782,NaN,32.2148878421232,NaN,NaN,NaN,NaN,NaN,NaN,NaN,NaN,NaN,NaN,NaN
1.72550361992782,NaN,33.2379328462196,NaN,NaN,NaN,NaN,NaN,NaN,NaN,NaN,NaN,NaN,NaN
1.91300361992782,NaN,34.2951877614639,NaN,NaN,NaN,NaN,NaN,NaN,NaN,NaN,NaN,NaN,NaN
2.10050361992782,NaN,35.3876838804731,NaN,NaN,NaN,NaN,NaN,NaN,NaN,NaN,NaN,NaN,NaN
2.28800361992782,NaN,36.5164990820673,NaN,NaN,NaN,NaN,NaN,NaN,NaN,NaN,NaN,NaN,NaN
2.47550361992782,NaN,37.6827551433591,NaN,NaN,NaN,NaN,NaN,NaN,NaN,NaN,NaN,NaN,NaN
2.66300361992782,NaN,38.8876181902084,NaN,NaN,NaN,NaN,NaN,NaN,NaN,NaN,NaN,NaN,NaN
2.85050361992782,NaN,40.1322993971883,NaN,NaN,NaN,NaN,NaN,NaN,NaN,NaN,NaN,NaN,NaN
3.03800361992782,NaN,41.4180549262195,NaN,NaN,NaN,NaN,NaN,NaN,NaN,NaN,NaN,NaN,NaN
3.22550361992782,NaN,42.7461870169791,NaN,NaN,NaN,NaN,NaN,NaN,NaN,NaN,NaN,NaN,NaN
3.41300361992782,NaN,44.1180450707922,NaN,NaN,NaN,NaN,NaN,NaN,NaN,NaN,NaN,NaN,NaN
3.60050361992782,NaN,45.5350262630158,NaN,NaN,NaN,NaN,NaN,NaN,NaN,NaN,NaN,NaN,NaN
3.78800361992782,NaN,46.9985755541669,NaN,NaN,NaN,NaN,NaN,NaN,NaN,NaN,NaN,NaN,NaN
3.97550361992782,NaN,48.5101884530933,NaN,NaN,NaN,NaN,NaN,NaN,NaN,NaN,NaN,NaN,NaN
4.16300361992782,NaN,50.0714125467044,NaN,NaN,NaN,NaN,NaN,NaN,NaN,NaN,NaN,NaN,NaN
4.35050361992782,NaN,51.6838481288241,NaN,NaN,NaN,NaN,NaN,NaN,NaN,NaN,NaN,NaN,NaN
4.53800361992782,NaN,53.3491482124034,NaN,NaN,NaN,NaN,NaN,NaN,NaN,NaN,NaN,NaN,NaN
4.72550361992782,NaN,55.0690223408757,NaN,NaN,NaN,NaN,NaN,NaN,NaN,NaN,NaN,NaN,NaN
4.91300361992782,NaN,56.8452384833904,NaN,NaN,NaN,NaN,NaN,NaN,NaN,NaN,NaN,NaN,NaN
5.10050361992782,NaN,58.6796237180919,NaN,NaN,NaN,NaN,NaN,NaN,NaN,NaN,NaN,NaN,NaN
5.28800361992782,NaN,60.5740642249861,NaN,NaN,NaN,NaN,NaN,NaN,NaN,NaN,NaN,NaN,NaN
5.47550361992782,NaN,62.5305099560925,NaN,NaN,NaN,NaN,NaN,NaN,NaN,NaN,NaN,NaN,NaN
5.66300361992782,NaN,64.5509768778197,NaN,NaN,NaN,NaN,NaN,NaN,NaN,NaN,NaN,NaN,NaN
5.85050361992782,NaN,66.6375477298645,NaN,NaN,NaN,NaN,NaN,NaN,NaN,NaN,NaN,NaN,NaN
6.03800361992782,NaN,68.7923719926049,NaN,NaN,NaN,NaN,NaN,NaN,NaN,NaN,NaN,NaN,NaN
6.22550361992782,NaN,71.0176713860483,NaN,NaN,NaN,NaN,NaN,NaN,NaN,NaN,NaN,NaN,NaN
6.41300361992782,NaN,73.3157424725818,NaN,NaN,NaN,NaN,NaN,NaN,NaN,NaN,NaN,NaN,NaN
6.60050361992782,NaN,75.688957508243,NaN,NaN,NaN,NaN,NaN,NaN,NaN,NaN,NaN,NaN,NaN
6.78800361992782,NaN,78.1397643824751,NaN,NaN,NaN,NaN,NaN,NaN,NaN,NaN,NaN,NaN,NaN
6.97550361992782,NaN,80.6706929874449,NaN,NaN,NaN,NaN,NaN,NaN,NaN,NaN,NaN,NaN,NaN
7.16300361992782,NaN,83.2843582125012,NaN,NaN,NaN,NaN,NaN,NaN,NaN,NaN,NaN,NaN,NaN
7.24725271494586,NaN,84.4864071762436,NaN,NaN,NaN,NaN,NaN,NaN,NaN,NaN,NaN,NaN,NaN
7.33150180996391,NaN,85.7059548660559,NaN,NaN,NaN,NaN,NaN,NaN,NaN,NaN,NaN,NaN,NaN
7.41575090498195,NaN,86.9432556528615,NaN,NaN,NaN,NaN,NaN,NaN,NaN,NaN,NaN,NaN,NaN
7.5,NaN,88.1985676726243,NaN,NaN,NaN,NaN,NaN,NaN,NaN,NaN,NaN,NaN,NaN
7.5,NaN,88.1985676726243,NaN,NaN,NaN,NaN,NaN,NaN,NaN,NaN,NaN,NaN,NaN
7.57176818375742,NaN,89.2346075355889,NaN,NaN,NaN,NaN,NaN,NaN,NaN,NaN,NaN,NaN,NaN
7.64353636751483,NaN,90.2843992909157,NaN,NaN,NaN,NaN,NaN,NaN,NaN,NaN,NaN,NaN,NaN
7.71530455127225,NaN,91.3479839353121,NaN,NaN,NaN,NaN,NaN,NaN,NaN,NaN,NaN,NaN,NaN
7.78707273502967,NaN,92.4254200173571,NaN,NaN,NaN,NaN,NaN,NaN,NaN,NaN,NaN,NaN,NaN
8.08049839884801,NaN,96.976409359294,NaN,NaN,NaN,NaN,NaN,NaN,NaN,NaN,NaN,NaN,NaN
8.37392406266635,NaN,101.767563982032,NaN,NaN,NaN,NaN,NaN,NaN,NaN,NaN,NaN,NaN,NaN
8.66734972648469,NaN,106.807868259267,NaN,NaN,NaN,NaN,NaN,NaN,NaN,NaN,NaN,NaN,NaN
8.96077539030304,NaN,112.107781411086,NaN,NaN,NaN,NaN,NaN,NaN,NaN,NaN,NaN,NaN,NaN
9.24091812164805,NaN,117.420994302962,NaN,NaN,NaN,NaN,NaN,NaN,NaN,NaN,NaN,NaN,NaN
9.52106085299307,NaN,122.993381343529,NaN,NaN,NaN,NaN,NaN,NaN,NaN,NaN,NaN,NaN,NaN
9.80120358433809,NaN,128.837220714946,NaN,NaN,NaN,NaN,NaN,NaN,NaN,NaN,NaN,NaN,NaN
10.0813463156831,NaN,134.96525216133,NaN,NaN,NaN,NaN,NaN,NaN,NaN,NaN,NaN,NaN,NaN
10.3622350724484,NaN,141.409018557143,NaN,NaN,NaN,NaN,NaN,NaN,NaN,NaN,NaN,NaN,NaN
10.6431238292137,NaN,148.167289584996,NaN,NaN,NaN,NaN,NaN,NaN,NaN,NaN,NaN,NaN,NaN
10.924012585979,NaN,155.258127041014,NaN,NaN,NaN,NaN,NaN,NaN,NaN,NaN,NaN,NaN,NaN
11.2049013427442,NaN,162.704937273506,NaN,NaN,NaN,NaN,NaN,NaN,NaN,NaN,NaN,NaN,NaN
11.4857480401738,NaN,170.531402420946,NaN,NaN,NaN,NaN,NaN,NaN,NaN,NaN,NaN,NaN,NaN
11.7665947376033,NaN,178.76122934584,NaN,NaN,NaN,NaN,NaN,NaN,NaN,NaN,NaN,NaN,NaN
12.0474414350329,NaN,187.417716420333,NaN,NaN,NaN,NaN,NaN,NaN,NaN,NaN,NaN,NaN,NaN
12.3282881324624,NaN,196.523196366818,NaN,NaN,NaN,NaN,NaN,NaN,NaN,NaN,NaN,NaN,NaN
12.609137200602,NaN,206.098719742951,NaN,NaN,NaN,NaN,NaN,NaN,NaN,NaN,NaN,NaN,NaN
12.8899862687416,NaN,216.164822058504,NaN,NaN,NaN,NaN,NaN,NaN,NaN,NaN,NaN,NaN,NaN
13.1708353368811,NaN,226.743203166229,NaN,NaN,NaN,NaN,NaN,NaN,NaN,NaN,NaN,NaN,NaN
13.4516844050207,NaN,237.856399566652,NaN,NaN,NaN,NaN,NaN,NaN,NaN,NaN,NaN,NaN,NaN
13.7325333395316,NaN,249.528353882945,NaN,NaN,NaN,NaN,NaN,NaN,NaN,NaN,NaN,NaN,NaN
14.0133822740425,NaN,261.785148221814,NaN,NaN,NaN,NaN,NaN,NaN,NaN,NaN,NaN,NaN,NaN
14.2942312085534,NaN,274.654274178411,NaN,NaN,NaN,NaN,NaN,NaN,NaN,NaN,NaN,NaN,NaN
14.5750801430643,NaN,288.164736200256,NaN,NaN,NaN,NaN,NaN,NaN,NaN,NaN,NaN,NaN,NaN
14.8559290851074,NaN,302.347244652647,NaN,NaN,NaN,NaN,NaN,NaN,NaN,NaN,NaN,NaN,NaN
15.1367780271504,NaN,317.234369025215,NaN,NaN,NaN,NaN,NaN,NaN,NaN,NaN,NaN,NaN,NaN
15.4176269691935,NaN,332.860385176305,NaN,NaN,NaN,NaN,NaN,NaN,NaN,NaN,NaN,NaN,NaN
15.6984759112365,NaN,349.261364926164,NaN,NaN,NaN,NaN,NaN,NaN,NaN,NaN,NaN,NaN,NaN
15.979324852855,NaN,366.475270478449,NaN,NaN,NaN,NaN,NaN,NaN,NaN,NaN,NaN,NaN,NaN
16.2601737944736,NaN,384.542017492094,NaN,NaN,NaN,NaN,NaN,NaN,NaN,NaN,NaN,NaN,NaN
16.5410227360921,NaN,403.503574459911,NaN,NaN,NaN,NaN,NaN,NaN,NaN,NaN,NaN,NaN,NaN
16.8218716777106,NaN,423.404069333939,NaN,NaN,NaN,NaN,NaN,NaN,NaN,NaN,NaN,NaN,NaN
17.102720619353,NaN,444.289857001634,NaN,NaN,NaN,NaN,NaN,NaN,NaN,NaN,NaN,NaN,NaN
17.3835695609954,NaN,466.209550856624,NaN,NaN,NaN,NaN,NaN,NaN,NaN,NaN,NaN,NaN,NaN
17.6644185026378,NaN,489.21424742494,NaN,NaN,NaN,NaN,NaN,NaN,NaN,NaN,NaN,NaN,NaN
17.9452674442803,NaN,513.357658186082,NaN,NaN,NaN,NaN,NaN,NaN,NaN,NaN,NaN,NaN,NaN
18.2261163859213,NaN,538.696172550197,NaN,NaN,NaN,NaN,NaN,NaN,NaN,NaN,NaN,NaN,NaN
18.5069653275624,NaN,565.288875287832,NaN,NaN,NaN,NaN,NaN,NaN,NaN,NaN,NaN,NaN,NaN
18.7878142692035,NaN,593.197861204497,NaN,NaN,NaN,NaN,NaN,NaN,NaN,NaN,NaN,NaN,NaN
19.0686632108446,NaN,622.488397199917,NaN,NaN,NaN,NaN,NaN,NaN,NaN,NaN,NaN,NaN,NaN
19.3495121524858,NaN,653.228990275842,NaN,NaN,NaN,NaN,NaN,NaN,NaN,NaN,NaN,NaN,NaN
19.6303610941269,NaN,685.49139848661,NaN,NaN,NaN,NaN,NaN,NaN,NaN,NaN,NaN,NaN,NaN
19.9112100357681,NaN,719.351031508676,NaN,NaN,NaN,NaN,NaN,NaN,NaN,NaN,NaN,NaN,NaN
20.1920589774092,NaN,754.887148521372,NaN,NaN,NaN,NaN,NaN,NaN,NaN,NaN,NaN,NaN,NaN
20.4729079190504,NaN,792.182936748835,NaN,NaN,NaN,NaN,NaN,NaN,NaN,NaN,NaN,NaN,NaN
20.7537568606916,NaN,831.325519721144,NaN,NaN,NaN,NaN,NaN,NaN,NaN,NaN,NaN,NaN,NaN
21.0346058023327,NaN,872.406452081683,NaN,NaN,NaN,NaN,NaN,NaN,NaN,NaN,NaN,NaN,NaN
21.3154547439739,NaN,915.521960311144,NaN,NaN,NaN,NaN,NaN,NaN,NaN,NaN,NaN,NaN,NaN
21.6175590213586,NaN,964.287648940515,NaN,NaN,NaN,NaN,NaN,NaN,NaN,NaN,NaN,NaN,NaN
21.9196632987434,NaN,1015.65635198842,NaN,NaN,NaN,NaN,NaN,NaN,NaN,NaN,NaN,NaN,NaN
22.2217675761282,NaN,1069.76716847422,NaN,NaN,NaN,NaN,NaN,NaN,NaN,NaN,NaN,NaN,NaN
22.523871853513,NaN,1126.76685380039,NaN,NaN,NaN,NaN,NaN,NaN,NaN,NaN,NaN,NaN,NaN
22.8759159579526,NaN,1197.03994297786,NaN,NaN,NaN,NaN,NaN,NaN,NaN,NaN,NaN,NaN,NaN
23.2279600623922,NaN,1271.70434854221,NaN,NaN,NaN,NaN,NaN,NaN,NaN,NaN,NaN,NaN,NaN
23.5800041668317,NaN,1351.03473745456,NaN,NaN,NaN,NaN,NaN,NaN,NaN,NaN,NaN,NaN,NaN
23.9320482712713,NaN,1435.32351026354,NaN,NaN,NaN,NaN,NaN,NaN,NaN,NaN,NaN,NaN,NaN
24.3448734451492,NaN,1540.90115539168,NaN,NaN,NaN,NaN,NaN,NaN,NaN,NaN,NaN,NaN,NaN
24.757698619027,NaN,1654.25843232218,NaN,NaN,NaN,NaN,NaN,NaN,NaN,NaN,NaN,NaN,NaN
25.1705237929049,NaN,1775.96898211904,NaN,NaN,NaN,NaN,NaN,NaN,NaN,NaN,NaN,NaN,NaN
25.5833489667827,NaN,1906.650182403,NaN,NaN,NaN,NaN,NaN,NaN,NaN,NaN,NaN,NaN,NaN
26.1749217939262,NaN,2110.88798733099,NaN,NaN,NaN,NaN,NaN,NaN,NaN,NaN,NaN,NaN,NaN
26.7664946210696,NaN,2337.03386688107,NaN,NaN,NaN,NaN,NaN,NaN,NaN,NaN,NaN,NaN,NaN
27.3580674482131,NaN,2587.4395052335,NaN,NaN,NaN,NaN,NaN,NaN,NaN,NaN,NaN,NaN,NaN
27.9496402753566,NaN,2864.71784190749,NaN,NaN,NaN,NaN,NaN,NaN,NaN,NaN,NaN,NaN,NaN
28.389286077153,NaN,3089.89051109085,NaN,NaN,NaN,NaN,NaN,NaN,NaN,NaN,NaN,NaN,NaN
28.8289318789495,NaN,3332.78252933676,NaN,NaN,NaN,NaN,NaN,NaN,NaN,NaN,NaN,NaN,NaN
29.2685776807459,NaN,3594.78835687192,NaN,NaN,NaN,NaN,NaN,NaN,NaN,NaN,NaN,NaN,NaN
29.7082234825424,NaN,3877.41561658768,NaN,NaN,NaN,NaN,NaN,NaN,NaN,NaN,NaN,NaN,NaN
30.1478692843388,NaN,4182.28962761596,NaN,NaN,NaN,NaN,NaN,NaN,NaN,NaN,NaN,NaN,NaN
30.5875150861352,NaN,4511.15654939735,NaN,NaN,NaN,NaN,NaN,NaN,NaN,NaN,NaN,NaN,NaN
31.0271608879317,NaN,4865.90458353099,NaN,NaN,NaN,NaN,NaN,NaN,NaN,NaN,NaN,NaN,NaN
31.4668066897281,NaN,5248.5745266112,NaN,NaN,NaN,NaN,NaN,NaN,NaN,NaN,NaN,NaN,NaN
31.8485410319687,NaN,5605.18619126741,NaN,NaN,NaN,NaN,NaN,NaN,NaN,NaN,NaN,NaN,NaN
32.2302753742093,NaN,5986.044375269,NaN,NaN,NaN,NaN,NaN,NaN,NaN,NaN,NaN,NaN,NaN
32.6120097164499,NaN,6392.79757304161,NaN,NaN,NaN,NaN,NaN,NaN,NaN,NaN,NaN,NaN,NaN
32.9937440586904,NaN,6827.20880190266,NaN,NaN,NaN,NaN,NaN,NaN,NaN,NaN,NaN,NaN,NaN
33.3133007179731,NaN,7213.49395322716,NaN,NaN,NaN,NaN,NaN,NaN,NaN,NaN,NaN,NaN,NaN
33.6328573772557,NaN,7621.6473213623,NaN,NaN,NaN,NaN,NaN,NaN,NaN,NaN,NaN,NaN,NaN
33.9524140365383,NaN,8052.90684301456,NaN,NaN,NaN,NaN,NaN,NaN,NaN,NaN,NaN,NaN,NaN
34.271970695821,NaN,8508.58176757427,NaN,NaN,NaN,NaN,NaN,NaN,NaN,NaN,NaN,NaN,NaN
34.5493460587591,NaN,8924.97133367217,NaN,NaN,NaN,NaN,NaN,NaN,NaN,NaN,NaN,NaN,NaN
34.8267214216972,NaN,9361.74731831914,NaN,NaN,NaN,NaN,NaN,NaN,NaN,NaN,NaN,NaN,NaN
35.1040967846353,NaN,9819.90781678471,NaN,NaN,NaN,NaN,NaN,NaN,NaN,NaN,NaN,NaN,NaN
35.3814721475734,NaN,10300.5004594999,NaN,NaN,NaN,NaN,NaN,NaN,NaN,NaN,NaN,NaN,NaN
35.6270053946227,NaN,10745.5195423496,NaN,NaN,NaN,NaN,NaN,NaN,NaN,NaN,NaN,NaN,NaN
35.8725386416721,NaN,11209.7724863097,NaN,NaN,NaN,NaN,NaN,NaN,NaN,NaN,NaN,NaN,NaN
36.1180718887215,NaN,11694.0905878657,NaN,NaN,NaN,NaN,NaN,NaN,NaN,NaN,NaN,NaN,NaN
36.3636051357709,NaN,12199.3414320945,NaN,NaN,NaN,NaN,NaN,NaN,NaN,NaN,NaN,NaN,NaN
36.5837631217229,NaN,12670.9173953834,NaN,NaN,NaN,NaN,NaN,NaN,NaN,NaN,NaN,NaN,NaN
36.8039211076749,NaN,13160.7285765123,NaN,NaN,NaN,NaN,NaN,NaN,NaN,NaN,NaN,NaN,NaN
37.0240790936269,NaN,13669.4801269255,NaN,NaN,NaN,NaN,NaN,NaN,NaN,NaN,NaN,NaN,NaN
37.2442370795789,NaN,14197.9046433349,NaN,NaN,NaN,NaN,NaN,NaN,NaN,NaN,NaN,NaN,NaN
37.4436071629869,NaN,14694.0433700392,NaN,NaN,NaN,NaN,NaN,NaN,NaN,NaN,NaN,NaN,NaN
37.6429772463948,NaN,15207.5244329622,NaN,NaN,NaN,NaN,NaN,NaN,NaN,NaN,NaN,NaN,NaN
37.8423473298028,NaN,15738.9540563779,NaN,NaN,NaN,NaN,NaN,NaN,NaN,NaN,NaN,NaN,NaN
38.0417174132107,NaN,16288.9597228341,NaN,NaN,NaN,NaN,NaN,NaN,NaN,NaN,NaN,NaN,NaN
38.2237635489459,NaN,16807.9487607159,NaN,NaN,NaN,NaN,NaN,NaN,NaN,NaN,NaN,NaN,NaN
38.4058096846812,NaN,17343.4777358348,NaN,NaN,NaN,NaN,NaN,NaN,NaN,NaN,NaN,NaN,NaN
38.5878558204164,NaN,17896.0738035254,NaN,NaN,NaN,NaN,NaN,NaN,NaN,NaN,NaN,NaN,NaN
38.7699019561516,NaN,18466.280919633,NaN,NaN,NaN,NaN,NaN,NaN,NaN,NaN,NaN,NaN,NaN
38.9373073267055,NaN,19006.655279594,NaN,NaN,NaN,NaN,NaN,NaN,NaN,NaN,NaN,NaN,NaN
39.1047126972594,NaN,19562.8460823873,NaN,NaN,NaN,NaN,NaN,NaN,NaN,NaN,NaN,NaN,NaN
39.2721180678134,NaN,20135.3163042913,NaN,NaN,NaN,NaN,NaN,NaN,NaN,NaN,NaN,NaN,NaN
39.4395234383673,NaN,20724.5424310826,NaN,NaN,NaN,NaN,NaN,NaN,NaN,NaN,NaN,NaN,NaN
39.5943972218268,NaN,21285.007367002,NaN,NaN,NaN,NaN,NaN,NaN,NaN,NaN,NaN,NaN,NaN
39.7492710052863,NaN,21860.6323567147,NaN,NaN,NaN,NaN,NaN,NaN,NaN,NaN,NaN,NaN,NaN
39.9041447887458,NaN,22451.8275049406,NaN,NaN,NaN,NaN,NaN,NaN,NaN,NaN,NaN,NaN,NaN
40.0590185722053,NaN,23059.0139419099,NaN,NaN,NaN,NaN,NaN,NaN,NaN,NaN,NaN,NaN,NaN
40.2030421490506,NaN,23638.3907754265,NaN,NaN,NaN,NaN,NaN,NaN,NaN,NaN,NaN,NaN,NaN
40.347065725896,NaN,24232.3276277114,NaN,NaN,NaN,NaN,NaN,NaN,NaN,NaN,NaN,NaN,NaN
40.4910893027413,NaN,24841.1904385621,NaN,NaN,NaN,NaN,NaN,NaN,NaN,NaN,NaN,NaN,NaN
40.6351128795866,NaN,25465.3542608034,NaN,NaN,NaN,NaN,NaN,NaN,NaN,NaN,NaN,NaN,NaN
40.7696460656948,NaN,26062.5503535988,NaN,NaN,NaN,NaN,NaN,NaN,NaN,NaN,NaN,NaN,NaN
40.9041792518031,NaN,26673.7538451247,NaN,NaN,NaN,NaN,NaN,NaN,NaN,NaN,NaN,NaN,NaN
41.0387124379113,NaN,27299.2933217244,NaN,NaN,NaN,NaN,NaN,NaN,NaN,NaN,NaN,NaN,NaN
41.1732456240195,NaN,27939.5049843561,NaN,NaN,NaN,NaN,NaN,NaN,NaN,NaN,NaN,NaN,NaN
41.2994034868106,NaN,28553.4969619398,NaN,NaN,NaN,NaN,NaN,NaN,NaN,NaN,NaN,NaN,NaN
41.4255613496017,NaN,29180.9839704334,NaN,NaN,NaN,NaN,NaN,NaN,NaN,NaN,NaN,NaN,NaN
41.5517192123928,NaN,29822.2626573178,NaN,NaN,NaN,NaN,NaN,NaN,NaN,NaN,NaN,NaN,NaN
41.6778770751839,NaN,30477.636092685,NaN,NaN,NaN,NaN,NaN,NaN,NaN,NaN,NaN,NaN,NaN
41.758407806388,NaN,30903.4949045239,NaN,NaN,NaN,NaN,NaN,NaN,NaN,NaN,NaN,NaN,NaN
41.838938537592,NaN,31335.3050135921,NaN,NaN,NaN,NaN,NaN,NaN,NaN,NaN,NaN,NaN,NaN
41.919469268796,NaN,31773.149588402,NaN,NaN,NaN,NaN,NaN,NaN,NaN,NaN,NaN,NaN,NaN
42,NaN,32217.1129574187,NaN,NaN,NaN,NaN,NaN,NaN,NaN,NaN,NaN,NaN,NaN
0,NaN,NaN,25,NaN,NaN,NaN,NaN,NaN,NaN,NaN,NaN,NaN,NaN
0.103250904981955,NaN,NaN,25.4231934044173,NaN,NaN,NaN,NaN,NaN,NaN,NaN,NaN,NaN,NaN
0.206501809963909,NaN,NaN,25.8547668296894,NaN,NaN,NaN,NaN,NaN,NaN,NaN,NaN,NaN,NaN
0.309752714945864,NaN,NaN,26.294792111432,NaN,NaN,NaN,NaN,NaN,NaN,NaN,NaN,NaN,NaN
0.413003619927818,NaN,NaN,26.7433514905321,NaN,NaN,NaN,NaN,NaN,NaN,NaN,NaN,NaN,NaN
0.600503619927818,NaN,NaN,27.5800444547467,NaN,NaN,NaN,NaN,NaN,NaN,NaN,NaN,NaN,NaN
0.788003619927818,NaN,NaN,28.4458237778662,NaN,NaN,NaN,NaN,NaN,NaN,NaN,NaN,NaN,NaN
0.975503619927818,NaN,NaN,29.3413983579154,NaN,NaN,NaN,NaN,NaN,NaN,NaN,NaN,NaN,NaN
1.16300361992782,NaN,NaN,30.2675361497277,NaN,NaN,NaN,NaN,NaN,NaN,NaN,NaN,NaN,NaN
1.35050361992782,NaN,NaN,31.225068449304,NaN,NaN,NaN,NaN,NaN,NaN,NaN,NaN,NaN,NaN
1.53800361992782,NaN,NaN,32.2148878421232,NaN,NaN,NaN,NaN,NaN,NaN,NaN,NaN,NaN,NaN
1.72550361992782,NaN,NaN,33.2379328462196,NaN,NaN,NaN,NaN,NaN,NaN,NaN,NaN,NaN,NaN
1.91300361992782,NaN,NaN,34.2951877614639,NaN,NaN,NaN,NaN,NaN,NaN,NaN,NaN,NaN,NaN
2.10050361992782,NaN,NaN,35.3876838804731,NaN,NaN,NaN,NaN,NaN,NaN,NaN,NaN,NaN,NaN
2.28800361992782,NaN,NaN,36.5164990820673,NaN,NaN,NaN,NaN,NaN,NaN,NaN,NaN,NaN,NaN
2.47550361992782,NaN,NaN,37.6827551433591,NaN,NaN,NaN,NaN,NaN,NaN,NaN,NaN,NaN,NaN
2.66300361992782,NaN,NaN,38.8876181902084,NaN,NaN,NaN,NaN,NaN,NaN,NaN,NaN,NaN,NaN
2.85050361992782,NaN,NaN,40.1322993971883,NaN,NaN,NaN,NaN,NaN,NaN,NaN,NaN,NaN,NaN
3.03800361992782,NaN,NaN,41.4180549262195,NaN,NaN,NaN,NaN,NaN,NaN,NaN,NaN,NaN,NaN
3.22550361992782,NaN,NaN,42.7461870169791,NaN,NaN,NaN,NaN,NaN,NaN,NaN,NaN,NaN,NaN
3.41300361992782,NaN,NaN,44.1180450707922,NaN,NaN,NaN,NaN,NaN,NaN,NaN,NaN,NaN,NaN
3.60050361992782,NaN,NaN,45.5350262630158,NaN,NaN,NaN,NaN,NaN,NaN,NaN,NaN,NaN,NaN
3.78800361992782,NaN,NaN,46.9985755541669,NaN,NaN,NaN,NaN,NaN,NaN,NaN,NaN,NaN,NaN
3.97550361992782,NaN,NaN,48.5101884530933,NaN,NaN,NaN,NaN,NaN,NaN,NaN,NaN,NaN,NaN
4.16300361992782,NaN,NaN,50.0714125467044,NaN,NaN,NaN,NaN,NaN,NaN,NaN,NaN,NaN,NaN
4.35050361992782,NaN,NaN,51.6838481288241,NaN,NaN,NaN,NaN,NaN,NaN,NaN,NaN,NaN,NaN
4.53800361992782,NaN,NaN,53.3491482124034,NaN,NaN,NaN,NaN,NaN,NaN,NaN,NaN,NaN,NaN
4.72550361992782,NaN,NaN,55.0690223408757,NaN,NaN,NaN,NaN,NaN,NaN,NaN,NaN,NaN,NaN
4.91300361992782,NaN,NaN,56.8452384833904,NaN,NaN,NaN,NaN,NaN,NaN,NaN,NaN,NaN,NaN
5.10050361992782,NaN,NaN,58.6796237180919,NaN,NaN,NaN,NaN,NaN,NaN,NaN,NaN,NaN,NaN
5.28800361992782,NaN,NaN,60.5740642249861,NaN,NaN,NaN,NaN,NaN,NaN,NaN,NaN,NaN,NaN
5.47550361992782,NaN,NaN,62.5305099560925,NaN,NaN,NaN,NaN,NaN,NaN,NaN,NaN,NaN,NaN
5.66300361992782,NaN,NaN,64.5509768778197,NaN,NaN,NaN,NaN,NaN,NaN,NaN,NaN,NaN,NaN
5.85050361992782,NaN,NaN,66.6375477298645,NaN,NaN,NaN,NaN,NaN,NaN,NaN,NaN,NaN,NaN
6.03800361992782,NaN,NaN,68.7923719926049,NaN,NaN,NaN,NaN,NaN,NaN,NaN,NaN,NaN,NaN
6.22550361992782,NaN,NaN,71.0176713860483,NaN,NaN,NaN,NaN,NaN,NaN,NaN,NaN,NaN,NaN
6.41300361992782,NaN,NaN,73.3157424725818,NaN,NaN,NaN,NaN,NaN,NaN,NaN,NaN,NaN,NaN
6.60050361992782,NaN,NaN,75.688957508243,NaN,NaN,NaN,NaN,NaN,NaN,NaN,NaN,NaN,NaN
6.78800361992782,NaN,NaN,78.1397643824751,NaN,NaN,NaN,NaN,NaN,NaN,NaN,NaN,NaN,NaN
6.97550361992782,NaN,NaN,80.6706929874449,NaN,NaN,NaN,NaN,NaN,NaN,NaN,NaN,NaN,NaN
7.16300361992782,NaN,NaN,83.2843582125012,NaN,NaN,NaN,NaN,NaN,NaN,NaN,NaN,NaN,NaN
7.24725271494586,NaN,NaN,84.4864071762436,NaN,NaN,NaN,NaN,NaN,NaN,NaN,NaN,NaN,NaN
7.33150180996391,NaN,NaN,85.7059548660559,NaN,NaN,NaN,NaN,NaN,NaN,NaN,NaN,NaN,NaN
7.41575090498195,NaN,NaN,86.9432556528615,NaN,NaN,NaN,NaN,NaN,NaN,NaN,NaN,NaN,NaN
7.5,NaN,NaN,88.1985676726243,NaN,NaN,NaN,NaN,NaN,NaN,NaN,NaN,NaN,NaN
7.5,NaN,NaN,88.1985676726243,NaN,NaN,NaN,NaN,NaN,NaN,NaN,NaN,NaN,NaN
7.92362144275915,NaN,NaN,88.2461345116293,NaN,NaN,NaN,NaN,NaN,NaN,NaN,NaN,NaN,NaN
8.3472428855183,NaN,NaN,88.577852330806,NaN,NaN,NaN,NaN,NaN,NaN,NaN,NaN,NaN,NaN
8.77086432827745,NaN,NaN,89.1715229001829,NaN,NaN,NaN,NaN,NaN,NaN,NaN,NaN,NaN,NaN
9.1944857710366,NaN,NaN,90.0096987927976,NaN,NaN,NaN,NaN,NaN,NaN,NaN,NaN,NaN,NaN
10.0569857710366,NaN,NaN,92.4189868895548,NaN,NaN,NaN,NaN,NaN,NaN,NaN,NaN,NaN,NaN
10.9194857710366,NaN,NaN,95.7281666829488,NaN,NaN,NaN,NaN,NaN,NaN,NaN,NaN,NaN,NaN
11.7819857710366,NaN,NaN,99.9128431718298,NaN,NaN,NaN,NaN,NaN,NaN,NaN,NaN,NaN,NaN
12.6444857710366,NaN,NaN,104.96936399666,NaN,NaN,NaN,NaN,NaN,NaN,NaN,NaN,NaN,NaN
13.5069857710366,NaN,NaN,110.92356605309,NaN,NaN,NaN,NaN,NaN,NaN,NaN,NaN,NaN,NaN
14.3694857710366,NaN,NaN,117.832041704751,NaN,NaN,NaN,NaN,NaN,NaN,NaN,NaN,NaN,NaN
15.2319857710366,NaN,NaN,125.766489845399,NaN,NaN,NaN,NaN,NaN,NaN,NaN,NaN,NaN,NaN
16.0944857710366,NaN,NaN,134.816824128927,NaN,NaN,NaN,NaN,NaN,NaN,NaN,NaN,NaN,NaN
16.9569857710366,NaN,NaN,145.093943476348,NaN,NaN,NaN,NaN,NaN,NaN,NaN,NaN,NaN,NaN
17.8194857710366,NaN,NaN,156.731842688079,NaN,NaN,NaN,NaN,NaN,NaN,NaN,NaN,NaN,NaN
18.6819857710366,NaN,NaN,169.88961481866,NaN,NaN,NaN,NaN,NaN,NaN,NaN,NaN,NaN,NaN
19.5444857710366,NaN,NaN,184.754185604549,NaN,NaN,NaN,NaN,NaN,NaN,NaN,NaN,NaN,NaN
20.4069857710366,NaN,NaN,201.543931877676,NaN,NaN,NaN,NaN,NaN,NaN,NaN,NaN,NaN,NaN
21.2694857710366,NaN,NaN,220.512397065104,NaN,NaN,NaN,NaN,NaN,NaN,NaN,NaN,NaN,NaN
22.1319857710366,NaN,NaN,241.958929504289,NaN,NaN,NaN,NaN,NaN,NaN,NaN,NaN,NaN,NaN
22.9944857710366,NaN,NaN,266.234608461841,NaN,NaN,NaN,NaN,NaN,NaN,NaN,NaN,NaN,NaN
23.8569857710366,NaN,NaN,293.749138501572,NaN,NaN,NaN,NaN,NaN,NaN,NaN,NaN,NaN,NaN
24.7194857710366,NaN,NaN,324.977904949136,NaN,NaN,NaN,NaN,NaN,NaN,NaN,NaN,NaN,NaN
25.5819857710366,NaN,NaN,360.486369170128,NaN,NaN,NaN,NaN,NaN,NaN,NaN,NaN,NaN,NaN
26.4444857710366,NaN,NaN,400.942742875954,NaN,NaN,NaN,NaN,NaN,NaN,NaN,NaN,NaN,NaN
27.3069857710366,NaN,NaN,447.131867727533,NaN,NaN,NaN,NaN,NaN,NaN,NaN,NaN,NaN,NaN
28.1694857710366,NaN,NaN,499.970031596315,NaN,NaN,NaN,NaN,NaN,NaN,NaN,NaN,NaN,NaN
29.0319857710366,NaN,NaN,560.555490756691,NaN,NaN,NaN,NaN,NaN,NaN,NaN,NaN,NaN,NaN
29.8944857710366,NaN,NaN,630.194251466826,NaN,NaN,NaN,NaN,NaN,NaN,NaN,NaN,NaN,NaN
30.7569857710366,NaN,NaN,710.426036214411,NaN,NaN,NaN,NaN,NaN,NaN,NaN,NaN,NaN,NaN
31.6194857710366,NaN,NaN,803.058042958771,NaN,NaN,NaN,NaN,NaN,NaN,NaN,NaN,NaN,NaN
32.4819857710366,NaN,NaN,910.255669819637,NaN,NaN,NaN,NaN,NaN,NaN,NaN,NaN,NaN,NaN
33.3444857710366,NaN,NaN,1034.58746980511,NaN,NaN,NaN,NaN,NaN,NaN,NaN,NaN,NaN,NaN
34.2069857710366,NaN,NaN,1179.06112880731,NaN,NaN,NaN,NaN,NaN,NaN,NaN,NaN,NaN,NaN
35.0694857710366,NaN,NaN,1347.20997317775,NaN,NaN,NaN,NaN,NaN,NaN,NaN,NaN,NaN,NaN
35.9319857710366,NaN,NaN,1543.20201112154,NaN,NaN,NaN,NaN,NaN,NaN,NaN,NaN,NaN,NaN
36.7944857710366,NaN,NaN,1771.88342196604,NaN,NaN,NaN,NaN,NaN,NaN,NaN,NaN,NaN,NaN
37.3464255118005,NaN,NaN,1937.91759182713,NaN,NaN,NaN,NaN,NaN,NaN,NaN,NaN,NaN,NaN
37.8983652525644,NaN,NaN,2121.26325752546,NaN,NaN,NaN,NaN,NaN,NaN,NaN,NaN,NaN,NaN
38.4503049933283,NaN,NaN,2323.72882167933,NaN,NaN,NaN,NaN,NaN,NaN,NaN,NaN,NaN,NaN
39.0022447340922,NaN,NaN,2547.28030779809,NaN,NaN,NaN,NaN,NaN,NaN,NaN,NaN,NaN,NaN
39.4323025758655,NaN,NaN,2737.44622179463,NaN,NaN,NaN,NaN,NaN,NaN,NaN,NaN,NaN,NaN
39.8623604176388,NaN,NaN,2942.8054815084,NaN,NaN,NaN,NaN,NaN,NaN,NaN,NaN,NaN,NaN
40.2924182594121,NaN,NaN,3164.53086588524,NaN,NaN,NaN,NaN,NaN,NaN,NaN,NaN,NaN,NaN
40.7224761011854,NaN,NaN,3403.86801377151,NaN,NaN,NaN,NaN,NaN,NaN,NaN,NaN,NaN,NaN
41.0418570758891,NaN,NaN,3593.78968500012,NaN,NaN,NaN,NaN,NaN,NaN,NaN,NaN,NaN,NaN
41.3612380505927,NaN,NaN,3794.73911877937,NaN,NaN,NaN,NaN,NaN,NaN,NaN,NaN,NaN,NaN
41.6806190252964,NaN,NaN,4007.32824011656,NaN,NaN,NaN,NaN,NaN,NaN,NaN,NaN,NaN,NaN
42,NaN,NaN,4232.19823424446,NaN,NaN,NaN,NaN,NaN,NaN,NaN,NaN,NaN,NaN
0,NaN,NaN,NaN,25,NaN,NaN,NaN,NaN,NaN,NaN,NaN,NaN,NaN
0.103250904981955,NaN,NaN,NaN,25.4231934044173,NaN,NaN,NaN,NaN,NaN,NaN,NaN,NaN,NaN
0.206501809963909,NaN,NaN,NaN,25.8547668296894,NaN,NaN,NaN,NaN,NaN,NaN,NaN,NaN,NaN
0.309752714945864,NaN,NaN,NaN,26.294792111432,NaN,NaN,NaN,NaN,NaN,NaN,NaN,NaN,NaN
0.413003619927818,NaN,NaN,NaN,26.7433514905321,NaN,NaN,NaN,NaN,NaN,NaN,NaN,NaN,NaN
0.600503619927818,NaN,NaN,NaN,27.5800444547467,NaN,NaN,NaN,NaN,NaN,NaN,NaN,NaN,NaN
0.788003619927818,NaN,NaN,NaN,28.4458237778662,NaN,NaN,NaN,NaN,NaN,NaN,NaN,NaN,NaN
0.975503619927818,NaN,NaN,NaN,29.3413983579154,NaN,NaN,NaN,NaN,NaN,NaN,NaN,NaN,NaN
1.16300361992782,NaN,NaN,NaN,30.2675361497277,NaN,NaN,NaN,NaN,NaN,NaN,NaN,NaN,NaN
1.35050361992782,NaN,NaN,NaN,31.225068449304,NaN,NaN,NaN,NaN,NaN,NaN,NaN,NaN,NaN
1.53800361992782,NaN,NaN,NaN,32.2148878421232,NaN,NaN,NaN,NaN,NaN,NaN,NaN,NaN,NaN
1.72550361992782,NaN,NaN,NaN,33.2379328462196,NaN,NaN,NaN,NaN,NaN,NaN,NaN,NaN,NaN
1.91300361992782,NaN,NaN,NaN,34.2951877614639,NaN,NaN,NaN,NaN,NaN,NaN,NaN,NaN,NaN
2.10050361992782,NaN,NaN,NaN,35.3876838804731,NaN,NaN,NaN,NaN,NaN,NaN,NaN,NaN,NaN
2.28800361992782,NaN,NaN,NaN,36.5164990820673,NaN,NaN,NaN,NaN,NaN,NaN,NaN,NaN,NaN
2.47550361992782,NaN,NaN,NaN,37.6827551433591,NaN,NaN,NaN,NaN,NaN,NaN,NaN,NaN,NaN
2.66300361992782,NaN,NaN,NaN,38.8876181902084,NaN,NaN,NaN,NaN,NaN,NaN,NaN,NaN,NaN
2.85050361992782,NaN,NaN,NaN,40.1322993971883,NaN,NaN,NaN,NaN,NaN,NaN,NaN,NaN,NaN
3.03800361992782,NaN,NaN,NaN,41.4180549262195,NaN,NaN,NaN,NaN,NaN,NaN,NaN,NaN,NaN
3.22550361992782,NaN,NaN,NaN,42.7461870169791,NaN,NaN,NaN,NaN,NaN,NaN,NaN,NaN,NaN
3.41300361992782,NaN,NaN,NaN,44.1180450707922,NaN,NaN,NaN,NaN,NaN,NaN,NaN,NaN,NaN
3.60050361992782,NaN,NaN,NaN,45.5350262630158,NaN,NaN,NaN,NaN,NaN,NaN,NaN,NaN,NaN
3.78800361992782,NaN,NaN,NaN,46.9985755541669,NaN,NaN,NaN,NaN,NaN,NaN,NaN,NaN,NaN
3.97550361992782,NaN,NaN,NaN,48.5101884530933,NaN,NaN,NaN,NaN,NaN,NaN,NaN,NaN,NaN
4.16300361992782,NaN,NaN,NaN,50.0714125467044,NaN,NaN,NaN,NaN,NaN,NaN,NaN,NaN,NaN
4.35050361992782,NaN,NaN,NaN,51.6838481288241,NaN,NaN,NaN,NaN,NaN,NaN,NaN,NaN,NaN
4.53800361992782,NaN,NaN,NaN,53.3491482124034,NaN,NaN,NaN,NaN,NaN,NaN,NaN,NaN,NaN
4.72550361992782,NaN,NaN,NaN,55.0690223408757,NaN,NaN,NaN,NaN,NaN,NaN,NaN,NaN,NaN
4.91300361992782,NaN,NaN,NaN,56.8452384833904,NaN,NaN,NaN,NaN,NaN,NaN,NaN,NaN,NaN
5.10050361992782,NaN,NaN,NaN,58.6796237180919,NaN,NaN,NaN,NaN,NaN,NaN,NaN,NaN,NaN
5.28800361992782,NaN,NaN,NaN,60.5740642249861,NaN,NaN,NaN,NaN,NaN,NaN,NaN,NaN,NaN
5.47550361992782,NaN,NaN,NaN,62.5305099560925,NaN,NaN,NaN,NaN,NaN,NaN,NaN,NaN,NaN
5.66300361992782,NaN,NaN,NaN,64.5509768778197,NaN,NaN,NaN,NaN,NaN,NaN,NaN,NaN,NaN
5.85050361992782,NaN,NaN,NaN,66.6375477298645,NaN,NaN,NaN,NaN,NaN,NaN,NaN,NaN,NaN
6.03800361992782,NaN,NaN,NaN,68.7923719926049,NaN,NaN,NaN,NaN,NaN,NaN,NaN,NaN,NaN
6.22550361992782,NaN,NaN,NaN,71.0176713860483,NaN,NaN,NaN,NaN,NaN,NaN,NaN,NaN,NaN
6.41300361992782,NaN,NaN,NaN,73.3157424725818,NaN,NaN,NaN,NaN,NaN,NaN,NaN,NaN,NaN
6.60050361992782,NaN,NaN,NaN,75.688957508243,NaN,NaN,NaN,NaN,NaN,NaN,NaN,NaN,NaN
6.78800361992782,NaN,NaN,NaN,78.1397643824751,NaN,NaN,NaN,NaN,NaN,NaN,NaN,NaN,NaN
6.97550361992782,NaN,NaN,NaN,80.6706929874449,NaN,NaN,NaN,NaN,NaN,NaN,NaN,NaN,NaN
7.16300361992782,NaN,NaN,NaN,83.2843582125012,NaN,NaN,NaN,NaN,NaN,NaN,NaN,NaN,NaN
7.24725271494586,NaN,NaN,NaN,84.4864071762436,NaN,NaN,NaN,NaN,NaN,NaN,NaN,NaN,NaN
7.33150180996391,NaN,NaN,NaN,85.7059548660559,NaN,NaN,NaN,NaN,NaN,NaN,NaN,NaN,NaN
7.41575090498195,NaN,NaN,NaN,86.9432556528615,NaN,NaN,NaN,NaN,NaN,NaN,NaN,NaN,NaN
7.5,NaN,NaN,NaN,88.1985676726243,NaN,NaN,NaN,NaN,NaN,NaN,NaN,NaN,NaN
7.5,NaN,NaN,NaN,88.1985676726243,NaN,NaN,NaN,NaN,NaN,NaN,NaN,NaN,NaN
7.57176818375742,NaN,NaN,NaN,84.4793394857625,NaN,NaN,NaN,NaN,NaN,NaN,NaN,NaN,NaN
7.64353636751483,NaN,NaN,NaN,81.0464403546584,NaN,NaN,NaN,NaN,NaN,NaN,NaN,NaN,NaN
7.71530455127225,NaN,NaN,NaN,77.8641625853768,NaN,NaN,NaN,NaN,NaN,NaN,NaN,NaN,NaN
7.78707273502967,NaN,NaN,NaN,74.902596314328,NaN,NaN,NaN,NaN,NaN,NaN,NaN,NaN,NaN
7.98888249209755,NaN,NaN,NaN,67.5492384695602,NaN,NaN,NaN,NaN,NaN,NaN,NaN,NaN,NaN
8.19069224916542,NaN,NaN,NaN,61.366493246149,NaN,NaN,NaN,NaN,NaN,NaN,NaN,NaN,NaN
8.3925020062333,NaN,NaN,NaN,56.0850363420611,NaN,NaN,NaN,NaN,NaN,NaN,NaN,NaN,NaN
8.59431176330118,NaN,NaN,NaN,51.4876636151341,NaN,NaN,NaN,NaN,NaN,NaN,NaN,NaN,NaN
8.86181860230982,NaN,NaN,NaN,46.2144875668744,NaN,NaN,NaN,NaN,NaN,NaN,NaN,NaN,NaN
9.12932544131846,NaN,NaN,NaN,41.7146027373589,NaN,NaN,NaN,NaN,NaN,NaN,NaN,NaN,NaN
9.39683228032709,NaN,NaN,NaN,37.8323121165418,NaN,NaN,NaN,NaN,NaN,NaN,NaN,NaN,NaN
9.66433911933573,NaN,NaN,NaN,34.4422706195452,NaN,NaN,NaN,NaN,NaN,NaN,NaN,NaN,NaN
9.94594316353986,NaN,NaN,NaN,31.3079449306036,NaN,NaN,NaN,NaN,NaN,NaN,NaN,NaN,NaN
10.227547207744,NaN,NaN,NaN,28.5506754552089,NaN,NaN,NaN,NaN,NaN,NaN,NaN,NaN,NaN
10.5091512519481,NaN,NaN,NaN,26.1253785429452,NaN,NaN,NaN,NaN,NaN,NaN,NaN,NaN,NaN
10.7907552961522,NaN,NaN,NaN,24.0178128895695,NaN,NaN,NaN,NaN,NaN,NaN,NaN,NaN,NaN
11.0648674062154,NaN,NaN,NaN,22.2696789581237,NaN,NaN,NaN,NaN,NaN,NaN,NaN,NaN,NaN
11.3389795162786,NaN,NaN,NaN,20.8139347484903,NaN,NaN,NaN,NaN,NaN,NaN,NaN,NaN,NaN
11.6130916263418,NaN,NaN,NaN,19.6471615680725,NaN,NaN,NaN,NaN,NaN,NaN,NaN,NaN,NaN
11.887203736405,NaN,NaN,NaN,18.7599520803444,NaN,NaN,NaN,NaN,NaN,NaN,NaN,NaN,NaN
12.1684331870815,NaN,NaN,NaN,18.1108031752589,NaN,NaN,NaN,NaN,NaN,NaN,NaN,NaN,NaN
12.449662637758,NaN,NaN,NaN,17.6814311280856,NaN,NaN,NaN,NaN,NaN,NaN,NaN,NaN,NaN
12.7308920884345,NaN,NaN,NaN,17.4327218344984,NaN,NaN,NaN,NaN,NaN,NaN,NaN,NaN,NaN
13.012121539111,NaN,NaN,NaN,17.3236112676255,NaN,NaN,NaN,NaN,NaN,NaN,NaN,NaN,NaN
13.2929490352695,NaN,NaN,NaN,17.3203046500622,NaN,NaN,NaN,NaN,NaN,NaN,NaN,NaN,NaN
13.5737765314281,NaN,NaN,NaN,17.4052756566141,NaN,NaN,NaN,NaN,NaN,NaN,NaN,NaN,NaN
13.8546040275867,NaN,NaN,NaN,17.5622189257944,NaN,NaN,NaN,NaN,NaN,NaN,NaN,NaN,NaN
14.1354315237453,NaN,NaN,NaN,17.7769478790892,NaN,NaN,NaN,NaN,NaN,NaN,NaN,NaN,NaN
14.4162816742009,NaN,NaN,NaN,18.0392082831636,NaN,NaN,NaN,NaN,NaN,NaN,NaN,NaN,NaN
14.6971318246564,NaN,NaN,NaN,18.3434599442158,NaN,NaN,NaN,NaN,NaN,NaN,NaN,NaN,NaN
14.977981975112,NaN,NaN,NaN,18.6847286651941,NaN,NaN,NaN,NaN,NaN,NaN,NaN,NaN,NaN
15.2588321255676,NaN,NaN,NaN,19.0586993055924,NaN,NaN,NaN,NaN,NaN,NaN,NaN,NaN,NaN
15.5396809990721,NaN,NaN,NaN,19.4622081039302,NaN,NaN,NaN,NaN,NaN,NaN,NaN,NaN,NaN
15.8205298725767,NaN,NaN,NaN,19.8935658015711,NaN,NaN,NaN,NaN,NaN,NaN,NaN,NaN,NaN
16.1013787460812,NaN,NaN,NaN,20.3513156593294,NaN,NaN,NaN,NaN,NaN,NaN,NaN,NaN,NaN
16.3822276195858,NaN,NaN,NaN,20.8342111531391,NaN,NaN,NaN,NaN,NaN,NaN,NaN,NaN,NaN
16.6630765650676,NaN,NaN,NaN,21.3413976803668,NaN,NaN,NaN,NaN,NaN,NaN,NaN,NaN,NaN
16.9439255105494,NaN,NaN,NaN,21.8725774537704,NaN,NaN,NaN,NaN,NaN,NaN,NaN,NaN,NaN
17.2247744560311,NaN,NaN,NaN,22.42756416937,NaN,NaN,NaN,NaN,NaN,NaN,NaN,NaN,NaN
17.5056234015129,NaN,NaN,NaN,23.0062607965157,NaN,NaN,NaN,NaN,NaN,NaN,NaN,NaN,NaN
17.7864723429376,NaN,NaN,NaN,23.6087368731338,NaN,NaN,NaN,NaN,NaN,NaN,NaN,NaN,NaN
18.0673212843623,NaN,NaN,NaN,24.2353125715011,NaN,NaN,NaN,NaN,NaN,NaN,NaN,NaN,NaN
18.348170225787,NaN,NaN,NaN,24.8863746240046,NaN,NaN,NaN,NaN,NaN,NaN,NaN,NaN,NaN
18.6290191672116,NaN,NaN,NaN,25.5623642725075,NaN,NaN,NaN,NaN,NaN,NaN,NaN,NaN,NaN
18.909868108865,NaN,NaN,NaN,26.2638130879371,NaN,NaN,NaN,NaN,NaN,NaN,NaN,NaN,NaN
19.1907170505183,NaN,NaN,NaN,26.9913854244693,NaN,NaN,NaN,NaN,NaN,NaN,NaN,NaN,NaN
19.4715659921717,NaN,NaN,NaN,27.7457968643455,NaN,NaN,NaN,NaN,NaN,NaN,NaN,NaN,NaN
19.7524149338251,NaN,NaN,NaN,28.5278086987603,NaN,NaN,NaN,NaN,NaN,NaN,NaN,NaN,NaN
20.0332638754655,NaN,NaN,NaN,29.3382455012624,NaN,NaN,NaN,NaN,NaN,NaN,NaN,NaN,NaN
20.314112817106,NaN,NaN,NaN,30.1780168492044,NaN,NaN,NaN,NaN,NaN,NaN,NaN,NaN,NaN
20.5949617587465,NaN,NaN,NaN,31.0480806551978,NaN,NaN,NaN,NaN,NaN,NaN,NaN,NaN,NaN
20.8758107003869,NaN,NaN,NaN,31.9494412773292,NaN,NaN,NaN,NaN,NaN,NaN,NaN,NaN,NaN
21.1599017582196,NaN,NaN,NaN,32.8941306812882,NaN,NaN,NaN,NaN,NaN,NaN,NaN,NaN,NaN
21.4439928160522,NaN,NaN,NaN,33.8730951031094,NaN,NaN,NaN,NaN,NaN,NaN,NaN,NaN,NaN
21.7280838738848,NaN,NaN,NaN,34.8875554619343,NaN,NaN,NaN,NaN,NaN,NaN,NaN,NaN,NaN
22.0121749317174,NaN,NaN,NaN,35.938786686721,NaN,NaN,NaN,NaN,NaN,NaN,NaN,NaN,NaN
22.3444211713063,NaN,NaN,NaN,37.2166483751712,NaN,NaN,NaN,NaN,NaN,NaN,NaN,NaN,NaN
22.6766674108952,NaN,NaN,NaN,38.5488800664111,NaN,NaN,NaN,NaN,NaN,NaN,NaN,NaN,NaN
23.0089136504841,NaN,NaN,NaN,39.9378477457338,NaN,NaN,NaN,NaN,NaN,NaN,NaN,NaN,NaN
23.3411598900729,NaN,NaN,NaN,41.3860345371935,NaN,NaN,NaN,NaN,NaN,NaN,NaN,NaN,NaN
23.7269762711555,NaN,NaN,NaN,43.1454977454922,NaN,NaN,NaN,NaN,NaN,NaN,NaN,NaN,NaN
24.1127926522381,NaN,NaN,NaN,44.9926510956892,NaN,NaN,NaN,NaN,NaN,NaN,NaN,NaN,NaN
24.4986090333206,NaN,NaN,NaN,46.9320560038339,NaN,NaN,NaN,NaN,NaN,NaN,NaN,NaN,NaN
24.8844254144032,NaN,NaN,NaN,48.9685648172945,NaN,NaN,NaN,NaN,NaN,NaN,NaN,NaN,NaN
25.3896269068508,NaN,NaN,NaN,51.7906245775296,NaN,NaN,NaN,NaN,NaN,NaN,NaN,NaN,NaN
25.8948283992984,NaN,NaN,NaN,54.8002838621811,NaN,NaN,NaN,NaN,NaN,NaN,NaN,NaN,NaN
26.4000298917459,NaN,NaN,NaN,58.0108060641884,NaN,NaN,NaN,NaN,NaN,NaN,NaN,NaN,NaN
26.9052313841935,NaN,NaN,NaN,61.436319760222,NaN,NaN,NaN,NaN,NaN,NaN,NaN,NaN,NaN
27.3996261614414,NaN,NaN,NaN,65.0113858552023,NaN,NaN,NaN,NaN,NaN,NaN,NaN,NaN,NaN
27.8940209386892,NaN,NaN,NaN,68.8225924798033,NaN,NaN,NaN,NaN,NaN,NaN,NaN,NaN,NaN
28.388415715937,NaN,NaN,NaN,72.8866551941292,NaN,NaN,NaN,NaN,NaN,NaN,NaN,NaN,NaN
28.8828104931848,NaN,NaN,NaN,77.2215377287564,NaN,NaN,NaN,NaN,NaN,NaN,NaN,NaN,NaN
29.4798261106073,NaN,NaN,NaN,82.844958662065,NaN,NaN,NaN,NaN,NaN,NaN,NaN,NaN,NaN
30.0768417280297,NaN,NaN,NaN,88.9287695337411,NaN,NaN,NaN,NaN,NaN,NaN,NaN,NaN,NaN
30.6738573454521,NaN,NaN,NaN,95.5137284281671,NaN,NaN,NaN,NaN,NaN,NaN,NaN,NaN,NaN
31.2708729628745,NaN,NaN,NaN,102.644671436688,NaN,NaN,NaN,NaN,NaN,NaN,NaN,NaN,NaN
32.1333729628745,NaN,NaN,NaN,114.012115213935,NaN,NaN,NaN,NaN,NaN,NaN,NaN,NaN,NaN
32.9958729628745,NaN,NaN,NaN,126.78841953098,NaN,NaN,NaN,NaN,NaN,NaN,NaN,NaN,NaN
33.8583729628745,NaN,NaN,NaN,141.165403647028,NaN,NaN,NaN,NaN,NaN,NaN,NaN,NaN,NaN
34.7208729628745,NaN,NaN,NaN,157.365002839235,NaN,NaN,NaN,NaN,NaN,NaN,NaN,NaN,NaN
35.5833729628745,NaN,NaN,NaN,175.642801651587,NaN,NaN,NaN,NaN,NaN,NaN,NaN,NaN,NaN
36.4458729628745,NaN,NaN,NaN,196.290990092644,NaN,NaN,NaN,NaN,NaN,NaN,NaN,NaN,NaN
37.3083729628745,NaN,NaN,NaN,219.652201333306,NaN,NaN,NaN,NaN,NaN,NaN,NaN,NaN,NaN
38.1708729628745,NaN,NaN,NaN,246.126672122352,NaN,NaN,NaN,NaN,NaN,NaN,NaN,NaN,NaN
39.0333729628745,NaN,NaN,NaN,276.179479541037,NaN,NaN,NaN,NaN,NaN,NaN,NaN,NaN,NaN
39.8958729628745,NaN,NaN,NaN,310.34678579858,NaN,NaN,NaN,NaN,NaN,NaN,NaN,NaN,NaN
40.7583729628745,NaN,NaN,NaN,349.264003070767,NaN,NaN,NaN,NaN,NaN,NaN,NaN,NaN,NaN
41.6208729628745,NaN,NaN,NaN,393.68033693559,NaN,NaN,NaN,NaN,NaN,NaN,NaN,NaN,NaN
41.7156547221559,NaN,NaN,NaN,398.932662074418,NaN,NaN,NaN,NaN,NaN,NaN,NaN,NaN,NaN
41.8104364814373,NaN,NaN,NaN,404.263047130833,NaN,NaN,NaN,NaN,NaN,NaN,NaN,NaN,NaN
41.9052182407186,NaN,NaN,NaN,409.672782406873,NaN,NaN,NaN,NaN,NaN,NaN,NaN,NaN,NaN
42,NaN,NaN,NaN,415.16318181909,NaN,NaN,NaN,NaN,NaN,NaN,NaN,NaN,NaN
0,NaN,NaN,NaN,NaN,25,NaN,NaN,NaN,NaN,NaN,NaN,NaN,NaN
0.103250904981955,NaN,NaN,NaN,NaN,25.4231934044173,NaN,NaN,NaN,NaN,NaN,NaN,NaN,NaN
0.206501809963909,NaN,NaN,NaN,NaN,25.8547668296894,NaN,NaN,NaN,NaN,NaN,NaN,NaN,NaN
0.309752714945864,NaN,NaN,NaN,NaN,26.294792111432,NaN,NaN,NaN,NaN,NaN,NaN,NaN,NaN
0.413003619927818,NaN,NaN,NaN,NaN,26.7433514905321,NaN,NaN,NaN,NaN,NaN,NaN,NaN,NaN
0.600503619927818,NaN,NaN,NaN,NaN,27.5800444547467,NaN,NaN,NaN,NaN,NaN,NaN,NaN,NaN
0.788003619927818,NaN,NaN,NaN,NaN,28.4458237778662,NaN,NaN,NaN,NaN,NaN,NaN,NaN,NaN
0.975503619927818,NaN,NaN,NaN,NaN,29.3413983579154,NaN,NaN,NaN,NaN,NaN,NaN,NaN,NaN
1.16300361992782,NaN,NaN,NaN,NaN,30.2675361497277,NaN,NaN,NaN,NaN,NaN,NaN,NaN,NaN
1.35050361992782,NaN,NaN,NaN,NaN,31.225068449304,NaN,NaN,NaN,NaN,NaN,NaN,NaN,NaN
1.53800361992782,NaN,NaN,NaN,NaN,32.2148878421232,NaN,NaN,NaN,NaN,NaN,NaN,NaN,NaN
1.72550361992782,NaN,NaN,NaN,NaN,33.2379328462196,NaN,NaN,NaN,NaN,NaN,NaN,NaN,NaN
1.91300361992782,NaN,NaN,NaN,NaN,34.2951877614639,NaN,NaN,NaN,NaN,NaN,NaN,NaN,NaN
2.10050361992782,NaN,NaN,NaN,NaN,35.3876838804731,NaN,NaN,NaN,NaN,NaN,NaN,NaN,NaN
2.28800361992782,NaN,NaN,NaN,NaN,36.5164990820673,NaN,NaN,NaN,NaN,NaN,NaN,NaN,NaN
2.47550361992782,NaN,NaN,NaN,NaN,37.6827551433591,NaN,NaN,NaN,NaN,NaN,NaN,NaN,NaN
2.66300361992782,NaN,NaN,NaN,NaN,38.8876181902084,NaN,NaN,NaN,NaN,NaN,NaN,NaN,NaN
2.85050361992782,NaN,NaN,NaN,NaN,40.1322993971883,NaN,NaN,NaN,NaN,NaN,NaN,NaN,NaN
3.03800361992782,NaN,NaN,NaN,NaN,41.4180549262195,NaN,NaN,NaN,NaN,NaN,NaN,NaN,NaN
3.22550361992782,NaN,NaN,NaN,NaN,42.7461870169791,NaN,NaN,NaN,NaN,NaN,NaN,NaN,NaN
3.41300361992782,NaN,NaN,NaN,NaN,44.1180450707922,NaN,NaN,NaN,NaN,NaN,NaN,NaN,NaN
3.60050361992782,NaN,NaN,NaN,NaN,45.5350262630158,NaN,NaN,NaN,NaN,NaN,NaN,NaN,NaN
3.78800361992782,NaN,NaN,NaN,NaN,46.9985755541669,NaN,NaN,NaN,NaN,NaN,NaN,NaN,NaN
3.97550361992782,NaN,NaN,NaN,NaN,48.5101884530933,NaN,NaN,NaN,NaN,NaN,NaN,NaN,NaN
4.16300361992782,NaN,NaN,NaN,NaN,50.0714125467044,NaN,NaN,NaN,NaN,NaN,NaN,NaN,NaN
4.35050361992782,NaN,NaN,NaN,NaN,51.6838481288241,NaN,NaN,NaN,NaN,NaN,NaN,NaN,NaN
4.53800361992782,NaN,NaN,NaN,NaN,53.3491482124034,NaN,NaN,NaN,NaN,NaN,NaN,NaN,NaN
4.72550361992782,NaN,NaN,NaN,NaN,55.0690223408757,NaN,NaN,NaN,NaN,NaN,NaN,NaN,NaN
4.91300361992782,NaN,NaN,NaN,NaN,56.8452384833904,NaN,NaN,NaN,NaN,NaN,NaN,NaN,NaN
5.10050361992782,NaN,NaN,NaN,NaN,58.6796237180919,NaN,NaN,NaN,NaN,NaN,NaN,NaN,NaN
5.28800361992782,NaN,NaN,NaN,NaN,60.5740642249861,NaN,NaN,NaN,NaN,NaN,NaN,NaN,NaN
5.47550361992782,NaN,NaN,NaN,NaN,62.5305099560925,NaN,NaN,NaN,NaN,NaN,NaN,NaN,NaN
5.66300361992782,NaN,NaN,NaN,NaN,64.5509768778197,NaN,NaN,NaN,NaN,NaN,NaN,NaN,NaN
5.85050361992782,NaN,NaN,NaN,NaN,66.6375477298645,NaN,NaN,NaN,NaN,NaN,NaN,NaN,NaN
6.03800361992782,NaN,NaN,NaN,NaN,68.7923719926049,NaN,NaN,NaN,NaN,NaN,NaN,NaN,NaN
6.22550361992782,NaN,NaN,NaN,NaN,71.0176713860483,NaN,NaN,NaN,NaN,NaN,NaN,NaN,NaN
6.41300361992782,NaN,NaN,NaN,NaN,73.3157424725818,NaN,NaN,NaN,NaN,NaN,NaN,NaN,NaN
6.60050361992782,NaN,NaN,NaN,NaN,75.688957508243,NaN,NaN,NaN,NaN,NaN,NaN,NaN,NaN
6.78800361992782,NaN,NaN,NaN,NaN,78.1397643824751,NaN,NaN,NaN,NaN,NaN,NaN,NaN,NaN
6.97550361992782,NaN,NaN,NaN,NaN,80.6706929874449,NaN,NaN,NaN,NaN,NaN,NaN,NaN,NaN
7.16300361992782,NaN,NaN,NaN,NaN,83.2843582125012,NaN,NaN,NaN,NaN,NaN,NaN,NaN,NaN
7.24725271494586,NaN,NaN,NaN,NaN,84.4864071762436,NaN,NaN,NaN,NaN,NaN,NaN,NaN,NaN
7.33150180996391,NaN,NaN,NaN,NaN,85.7059548660559,NaN,NaN,NaN,NaN,NaN,NaN,NaN,NaN
7.41575090498195,NaN,NaN,NaN,NaN,86.9432556528615,NaN,NaN,NaN,NaN,NaN,NaN,NaN,NaN
7.5,NaN,NaN,NaN,NaN,88.1985676726243,NaN,NaN,NaN,NaN,NaN,NaN,NaN,NaN
7.5,NaN,NaN,NaN,NaN,88.1985676726243,NaN,NaN,NaN,NaN,NaN,NaN,NaN,NaN
7.78526887111642,NaN,NaN,NaN,NaN,84.008190023949,NaN,NaN,NaN,NaN,NaN,NaN,NaN,NaN
8.07053774223285,NaN,NaN,NaN,NaN,80.2565277265078,NaN,NaN,NaN,NaN,NaN,NaN,NaN,NaN
8.35580661334927,NaN,NaN,NaN,NaN,76.8867310621205,NaN,NaN,NaN,NaN,NaN,NaN,NaN,NaN
8.6410754844657,NaN,NaN,NaN,NaN,73.850792224434,NaN,NaN,NaN,NaN,NaN,NaN,NaN,NaN
9.5035754844657,NaN,NaN,NaN,NaN,66.2993815464365,NaN,NaN,NaN,NaN,NaN,NaN,NaN,NaN
10.3660754844657,NaN,NaN,NaN,NaN,60.6826566608792,NaN,NaN,NaN,NaN,NaN,NaN,NaN,NaN
11.2285754844657,NaN,NaN,NaN,NaN,56.4836516726345,NaN,NaN,NaN,NaN,NaN,NaN,NaN,NaN
12.0910754844657,NaN,NaN,NaN,NaN,53.2852848264556,NaN,NaN,NaN,NaN,NaN,NaN,NaN,NaN
12.9535754844657,NaN,NaN,NaN,NaN,50.8339575588868,NaN,NaN,NaN,NaN,NaN,NaN,NaN,NaN
13.8160754844657,NaN,NaN,NaN,NaN,49.0121167621176,NaN,NaN,NaN,NaN,NaN,NaN,NaN,NaN
14.6785754844657,NaN,NaN,NaN,NaN,47.7024797900836,NaN,NaN,NaN,NaN,NaN,NaN,NaN,NaN
15.5410754844657,NaN,NaN,NaN,NaN,46.8155210911266,NaN,NaN,NaN,NaN,NaN,NaN,NaN,NaN
16.4035754844657,NaN,NaN,NaN,NaN,46.2896485196793,NaN,NaN,NaN,NaN,NaN,NaN,NaN,NaN
17.2660754844657,NaN,NaN,NaN,NaN,46.0831635621681,NaN,NaN,NaN,NaN,NaN,NaN,NaN,NaN
18.1285754844657,NaN,NaN,NaN,NaN,46.1636273257629,NaN,NaN,NaN,NaN,NaN,NaN,NaN,NaN
18.9910754844657,NaN,NaN,NaN,NaN,46.5071721043439,NaN,NaN,NaN,NaN,NaN,NaN,NaN,NaN
19.8535754844657,NaN,NaN,NaN,NaN,47.0981415287679,NaN,NaN,NaN,NaN,NaN,NaN,NaN,NaN
20.7160754844657,NaN,NaN,NaN,NaN,47.9272641721884,NaN,NaN,NaN,NaN,NaN,NaN,NaN,NaN
21.5785754844657,NaN,NaN,NaN,NaN,48.9896059017503,NaN,NaN,NaN,NaN,NaN,NaN,NaN,NaN
22.4410754844657,NaN,NaN,NaN,NaN,50.2841362776473,NaN,NaN,NaN,NaN,NaN,NaN,NaN,NaN
23.3035754844657,NaN,NaN,NaN,NaN,51.8136783704907,NaN,NaN,NaN,NaN,NaN,NaN,NaN,NaN
24.1660754844657,NaN,NaN,NaN,NaN,53.5845289659187,NaN,NaN,NaN,NaN,NaN,NaN,NaN,NaN
25.0285754844657,NaN,NaN,NaN,NaN,55.6060201560752,NaN,NaN,NaN,NaN,NaN,NaN,NaN,NaN
25.8910754844657,NaN,NaN,NaN,NaN,57.8904496192674,NaN,NaN,NaN,NaN,NaN,NaN,NaN,NaN
26.7535754844657,NaN,NaN,NaN,NaN,60.4531964840969,NaN,NaN,NaN,NaN,NaN,NaN,NaN,NaN
27.6160754844657,NaN,NaN,NaN,NaN,63.312787251462,NaN,NaN,NaN,NaN,NaN,NaN,NaN,NaN
28.4785754844657,NaN,NaN,NaN,NaN,66.4910868205275,NaN,NaN,NaN,NaN,NaN,NaN,NaN,NaN
29.3410754844657,NaN,NaN,NaN,NaN,70.013456054177,NaN,NaN,NaN,NaN,NaN,NaN,NaN,NaN
30.2035754844657,NaN,NaN,NaN,NaN,73.9090144269281,NaN,NaN,NaN,NaN,NaN,NaN,NaN,NaN
31.0660754844657,NaN,NaN,NaN,NaN,78.2109430003409,NaN,NaN,NaN,NaN,NaN,NaN,NaN,NaN
31.9285754844657,NaN,NaN,NaN,NaN,82.9572174161453,NaN,NaN,NaN,NaN,NaN,NaN,NaN,NaN
32.7910754844657,NaN,NaN,NaN,NaN,88.1910138833961,NaN,NaN,NaN,NaN,NaN,NaN,NaN,NaN
33.6535754844657,NaN,NaN,NaN,NaN,93.9611914616672,NaN,NaN,NaN,NaN,NaN,NaN,NaN,NaN
34.5160754844657,NaN,NaN,NaN,NaN,100.322850366217,NaN,NaN,NaN,NaN,NaN,NaN,NaN,NaN
35.3785754844657,NaN,NaN,NaN,NaN,107.338875330013,NaN,NaN,NaN,NaN,NaN,NaN,NaN,NaN
36.2410754844657,NaN,NaN,NaN,NaN,115.080746239212,NaN,NaN,NaN,NaN,NaN,NaN,NaN,NaN
37.1035754844657,NaN,NaN,NaN,NaN,123.62942624377,NaN,NaN,NaN,NaN,NaN,NaN,NaN,NaN
37.9660754844657,NaN,NaN,NaN,NaN,133.076335360545,NaN,NaN,NaN,NaN,NaN,NaN,NaN,NaN
38.8285754844657,NaN,NaN,NaN,NaN,143.526400535771,NaN,NaN,NaN,NaN,NaN,NaN,NaN,NaN
39.6910754844657,NaN,NaN,NaN,NaN,155.099635908786,NaN,NaN,NaN,NaN,NaN,NaN,NaN,NaN
40.2683066133493,NaN,NaN,NaN,NaN,163.539418751276,NaN,NaN,NaN,NaN,NaN,NaN,NaN,NaN
40.8455377422328,NaN,NaN,NaN,NaN,172.58863525378,NaN,NaN,NaN,NaN,NaN,NaN,NaN,NaN
41.4227688711164,NaN,NaN,NaN,NaN,182.297524076135,NaN,NaN,NaN,NaN,NaN,NaN,NaN,NaN
42,NaN,NaN,NaN,NaN,192.7212990229,NaN,NaN,NaN,NaN,NaN,NaN,NaN,NaN
0,NaN,NaN,NaN,NaN,NaN,25,NaN,NaN,NaN,NaN,NaN,NaN,NaN
0.103250904981955,NaN,NaN,NaN,NaN,NaN,25.4231934044173,NaN,NaN,NaN,NaN,NaN,NaN,NaN
0.206501809963909,NaN,NaN,NaN,NaN,NaN,25.8547668296894,NaN,NaN,NaN,NaN,NaN,NaN,NaN
0.309752714945864,NaN,NaN,NaN,NaN,NaN,26.294792111432,NaN,NaN,NaN,NaN,NaN,NaN,NaN
0.413003619927818,NaN,NaN,NaN,NaN,NaN,26.7433514905321,NaN,NaN,NaN,NaN,NaN,NaN,NaN
0.600503619927818,NaN,NaN,NaN,NaN,NaN,27.5800444547467,NaN,NaN,NaN,NaN,NaN,NaN,NaN
0.788003619927818,NaN,NaN,NaN,NaN,NaN,28.4458237778662,NaN,NaN,NaN,NaN,NaN,NaN,NaN
0.975503619927818,NaN,NaN,NaN,NaN,NaN,29.3413983579154,NaN,NaN,NaN,NaN,NaN,NaN,NaN
1.16300361992782,NaN,NaN,NaN,NaN,NaN,30.2675361497277,NaN,NaN,NaN,NaN,NaN,NaN,NaN
1.35050361992782,NaN,NaN,NaN,NaN,NaN,31.225068449304,NaN,NaN,NaN,NaN,NaN,NaN,NaN
1.53800361992782,NaN,NaN,NaN,NaN,NaN,32.2148878421232,NaN,NaN,NaN,NaN,NaN,NaN,NaN
1.72550361992782,NaN,NaN,NaN,NaN,NaN,33.2379328462196,NaN,NaN,NaN,NaN,NaN,NaN,NaN
1.91300361992782,NaN,NaN,NaN,NaN,NaN,34.2951877614639,NaN,NaN,NaN,NaN,NaN,NaN,NaN
2.10050361992782,NaN,NaN,NaN,NaN,NaN,35.3876838804731,NaN,NaN,NaN,NaN,NaN,NaN,NaN
2.28800361992782,NaN,NaN,NaN,NaN,NaN,36.5164990820673,NaN,NaN,NaN,NaN,NaN,NaN,NaN
2.47550361992782,NaN,NaN,NaN,NaN,NaN,37.6827551433591,NaN,NaN,NaN,NaN,NaN,NaN,NaN
2.66300361992782,NaN,NaN,NaN,NaN,NaN,38.8876181902084,NaN,NaN,NaN,NaN,NaN,NaN,NaN
2.85050361992782,NaN,NaN,NaN,NaN,NaN,40.1322993971883,NaN,NaN,NaN,NaN,NaN,NaN,NaN
3.03800361992782,NaN,NaN,NaN,NaN,NaN,41.4180549262195,NaN,NaN,NaN,NaN,NaN,NaN,NaN
3.22550361992782,NaN,NaN,NaN,NaN,NaN,42.7461870169791,NaN,NaN,NaN,NaN,NaN,NaN,NaN
3.41300361992782,NaN,NaN,NaN,NaN,NaN,44.1180450707922,NaN,NaN,NaN,NaN,NaN,NaN,NaN
3.60050361992782,NaN,NaN,NaN,NaN,NaN,45.5350262630158,NaN,NaN,NaN,NaN,NaN,NaN,NaN
3.78800361992782,NaN,NaN,NaN,NaN,NaN,46.9985755541669,NaN,NaN,NaN,NaN,NaN,NaN,NaN
3.97550361992782,NaN,NaN,NaN,NaN,NaN,48.5101884530933,NaN,NaN,NaN,NaN,NaN,NaN,NaN
4.16300361992782,NaN,NaN,NaN,NaN,NaN,50.0714125467044,NaN,NaN,NaN,NaN,NaN,NaN,NaN
4.35050361992782,NaN,NaN,NaN,NaN,NaN,51.6838481288241,NaN,NaN,NaN,NaN,NaN,NaN,NaN
4.53800361992782,NaN,NaN,NaN,NaN,NaN,53.3491482124034,NaN,NaN,NaN,NaN,NaN,NaN,NaN
4.72550361992782,NaN,NaN,NaN,NaN,NaN,55.0690223408757,NaN,NaN,NaN,NaN,NaN,NaN,NaN
4.91300361992782,NaN,NaN,NaN,NaN,NaN,56.8452384833904,NaN,NaN,NaN,NaN,NaN,NaN,NaN
5.10050361992782,NaN,NaN,NaN,NaN,NaN,58.6796237180919,NaN,NaN,NaN,NaN,NaN,NaN,NaN
5.28800361992782,NaN,NaN,NaN,NaN,NaN,60.5740642249861,NaN,NaN,NaN,NaN,NaN,NaN,NaN
5.47550361992782,NaN,NaN,NaN,NaN,NaN,62.5305099560925,NaN,NaN,NaN,NaN,NaN,NaN,NaN
5.66300361992782,NaN,NaN,NaN,NaN,NaN,64.5509768778197,NaN,NaN,NaN,NaN,NaN,NaN,NaN
5.85050361992782,NaN,NaN,NaN,NaN,NaN,66.6375477298645,NaN,NaN,NaN,NaN,NaN,NaN,NaN
6.03800361992782,NaN,NaN,NaN,NaN,NaN,68.7923719926049,NaN,NaN,NaN,NaN,NaN,NaN,NaN
6.22550361992782,NaN,NaN,NaN,NaN,NaN,71.0176713860483,NaN,NaN,NaN,NaN,NaN,NaN,NaN
6.41300361992782,NaN,NaN,NaN,NaN,NaN,73.3157424725818,NaN,NaN,NaN,NaN,NaN,NaN,NaN
6.60050361992782,NaN,NaN,NaN,NaN,NaN,75.688957508243,NaN,NaN,NaN,NaN,NaN,NaN,NaN
6.78800361992782,NaN,NaN,NaN,NaN,NaN,78.1397643824751,NaN,NaN,NaN,NaN,NaN,NaN,NaN
6.97550361992782,NaN,NaN,NaN,NaN,NaN,80.6706929874449,NaN,NaN,NaN,NaN,NaN,NaN,NaN
7.16300361992782,NaN,NaN,NaN,NaN,NaN,83.2843582125012,NaN,NaN,NaN,NaN,NaN,NaN,NaN
7.24725271494586,NaN,NaN,NaN,NaN,NaN,84.4864071762436,NaN,NaN,NaN,NaN,NaN,NaN,NaN
7.33150180996391,NaN,NaN,NaN,NaN,NaN,85.7059548660559,NaN,NaN,NaN,NaN,NaN,NaN,NaN
7.41575090498195,NaN,NaN,NaN,NaN,NaN,86.9432556528615,NaN,NaN,NaN,NaN,NaN,NaN,NaN
7.5,NaN,NaN,NaN,NaN,NaN,88.1985676726243,NaN,NaN,NaN,NaN,NaN,NaN,NaN
7.5,NaN,NaN,NaN,NaN,NaN,88.1985676726243,NaN,NaN,NaN,NaN,NaN,NaN,NaN
7.53616711952282,NaN,NaN,NaN,NaN,NaN,83.9146468166063,NaN,NaN,NaN,NaN,NaN,NaN,NaN
7.57233423904564,NaN,NaN,NaN,NaN,NaN,79.9076053050013,NaN,NaN,NaN,NaN,NaN,NaN,NaN
7.60850135856846,NaN,NaN,NaN,NaN,NaN,76.1537294736157,NaN,NaN,NaN,NaN,NaN,NaN,NaN
7.64466847809128,NaN,NaN,NaN,NaN,NaN,72.631828159669,NaN,NaN,NaN,NaN,NaN,NaN,NaN
7.77650278298196,NaN,NaN,NaN,NaN,NaN,61.4609751760178,NaN,NaN,NaN,NaN,NaN,NaN,NaN
7.90833708787264,NaN,NaN,NaN,NaN,NaN,52.4424257130313,NaN,NaN,NaN,NaN,NaN,NaN,NaN
8.04017139276332,NaN,NaN,NaN,NaN,NaN,45.077910228125,NaN,NaN,NaN,NaN,NaN,NaN,NaN
8.172005697654,NaN,NaN,NaN,NaN,NaN,38.9707474660212,NaN,NaN,NaN,NaN,NaN,NaN,NaN
8.3204228872112,NaN,NaN,NaN,NaN,NaN,33.2653478795503,NaN,NaN,NaN,NaN,NaN,NaN,NaN
8.46884007676839,NaN,NaN,NaN,NaN,NaN,28.5709721461635,NaN,NaN,NaN,NaN,NaN,NaN,NaN
8.61725726632559,NaN,NaN,NaN,NaN,NaN,24.6867887202297,NaN,NaN,NaN,NaN,NaN,NaN,NaN
8.76567445588278,NaN,NaN,NaN,NaN,NaN,21.4520244356092,NaN,NaN,NaN,NaN,NaN,NaN,NaN
8.94882417330517,NaN,NaN,NaN,NaN,NaN,18.1821340621074,NaN,NaN,NaN,NaN,NaN,NaN,NaN
9.13197389072755,NaN,NaN,NaN,NaN,NaN,15.568050365886,NaN,NaN,NaN,NaN,NaN,NaN,NaN
9.31512360814993,NaN,NaN,NaN,NaN,NaN,13.4822860129391,NaN,NaN,NaN,NaN,NaN,NaN,NaN
9.49827332557231,NaN,NaN,NaN,NaN,NaN,11.8155504744811,NaN,NaN,NaN,NaN,NaN,NaN,NaN
9.73593672753922,NaN,NaN,NaN,NaN,NaN,10.1375772377746,NaN,NaN,NaN,NaN,NaN,NaN,NaN
9.97360012950613,NaN,NaN,NaN,NaN,NaN,8.88992924931092,NaN,NaN,NaN,NaN,NaN,NaN,NaN
10.211263531473,NaN,NaN,NaN,NaN,NaN,7.9641236990298,NaN,NaN,NaN,NaN,NaN,NaN,NaN
10.44892693344,NaN,NaN,NaN,NaN,NaN,7.26379702330201,NaN,NaN,NaN,NaN,NaN,NaN,NaN
10.7322423634448,NaN,NaN,NaN,NaN,NaN,6.63105629226937,NaN,NaN,NaN,NaN,NaN,NaN,NaN
11.0155577934497,NaN,NaN,NaN,NaN,NaN,6.16683423281457,NaN,NaN,NaN,NaN,NaN,NaN,NaN
11.2988732234546,NaN,NaN,NaN,NaN,NaN,5.82320199102226,NaN,NaN,NaN,NaN,NaN,NaN,NaN
11.5821886534594,NaN,NaN,NaN,NaN,NaN,5.56086331943805,NaN,NaN,NaN,NaN,NaN,NaN,NaN
11.8628986717685,NaN,NaN,NaN,NaN,NaN,5.35684289878732,NaN,NaN,NaN,NaN,NaN,NaN,NaN
12.1436086900776,NaN,NaN,NaN,NaN,NaN,5.19776069210331,NaN,NaN,NaN,NaN,NaN,NaN,NaN
12.4243187083867,NaN,NaN,NaN,NaN,NaN,5.07310108880866,NaN,NaN,NaN,NaN,NaN,NaN,NaN
12.7050287266958,NaN,NaN,NaN,NaN,NaN,4.97434219522466,NaN,NaN,NaN,NaN,NaN,NaN,NaN
12.9858854992874,NaN,NaN,NaN,NaN,NaN,4.89552689291817,NaN,NaN,NaN,NaN,NaN,NaN,NaN
13.266742271879,NaN,NaN,NaN,NaN,NaN,4.83318039779731,NaN,NaN,NaN,NaN,NaN,NaN,NaN
13.5475990444705,NaN,NaN,NaN,NaN,NaN,4.78424298757091,NaN,NaN,NaN,NaN,NaN,NaN,NaN
13.8284558170621,NaN,NaN,NaN,NaN,NaN,4.7461637892294,NaN,NaN,NaN,NaN,NaN,NaN,NaN
14.1093043173011,NaN,NaN,NaN,NaN,NaN,4.71704211330287,NaN,NaN,NaN,NaN,NaN,NaN,NaN
14.3901528175401,NaN,NaN,NaN,NaN,NaN,4.69562911202972,NaN,NaN,NaN,NaN,NaN,NaN,NaN
14.6710013177792,NaN,NaN,NaN,NaN,NaN,4.68085253932032,NaN,NaN,NaN,NaN,NaN,NaN,NaN
14.9518498180182,NaN,NaN,NaN,NaN,NaN,4.67179518705451,NaN,NaN,NaN,NaN,NaN,NaN,NaN
15.2326987845396,NaN,NaN,NaN,NaN,NaN,4.66774113019948,NaN,NaN,NaN,NaN,NaN,NaN,NaN
15.5135477510611,NaN,NaN,NaN,NaN,NaN,4.6681962053574,NaN,NaN,NaN,NaN,NaN,NaN,NaN
15.7943967175825,NaN,NaN,NaN,NaN,NaN,4.67273395988893,NaN,NaN,NaN,NaN,NaN,NaN,NaN
16.075245684104,NaN,NaN,NaN,NaN,NaN,4.68098376348894,NaN,NaN,NaN,NaN,NaN,NaN,NaN
16.3560946243427,NaN,NaN,NaN,NaN,NaN,4.69264891655444,NaN,NaN,NaN,NaN,NaN,NaN,NaN
16.6369435645814,NaN,NaN,NaN,NaN,NaN,4.70751950629559,NaN,NaN,NaN,NaN,NaN,NaN,NaN
16.9177925048202,NaN,NaN,NaN,NaN,NaN,4.72541433309583,NaN,NaN,NaN,NaN,NaN,NaN,NaN
17.1986414450589,NaN,NaN,NaN,NaN,NaN,4.74617537937135,NaN,NaN,NaN,NaN,NaN,NaN,NaN
17.4794903867791,NaN,NaN,NaN,NaN,NaN,4.76967549257185,NaN,NaN,NaN,NaN,NaN,NaN,NaN
17.7603393284993,NaN,NaN,NaN,NaN,NaN,4.79582498375419,NaN,NaN,NaN,NaN,NaN,NaN,NaN
18.0411882702195,NaN,NaN,NaN,NaN,NaN,4.82454772080973,NaN,NaN,NaN,NaN,NaN,NaN,NaN
18.3220372119398,NaN,NaN,NaN,NaN,NaN,4.85577864254916,NaN,NaN,NaN,NaN,NaN,NaN,NaN
18.6028861535765,NaN,NaN,NaN,NaN,NaN,4.8894671458411,NaN,NaN,NaN,NaN,NaN,NaN,NaN
18.8837350952132,NaN,NaN,NaN,NaN,NaN,4.92558027614757,NaN,NaN,NaN,NaN,NaN,NaN,NaN
19.1645840368499,NaN,NaN,NaN,NaN,NaN,4.96409239188979,NaN,NaN,NaN,NaN,NaN,NaN,NaN
19.4454329784866,NaN,NaN,NaN,NaN,NaN,5.00498404290201,NaN,NaN,NaN,NaN,NaN,NaN,NaN
19.726281920128,NaN,NaN,NaN,NaN,NaN,5.04824349407492,NaN,NaN,NaN,NaN,NaN,NaN,NaN
20.0071308617694,NaN,NaN,NaN,NaN,NaN,5.09386823501131,NaN,NaN,NaN,NaN,NaN,NaN,NaN
20.2879798034108,NaN,NaN,NaN,NaN,NaN,5.14186038243117,NaN,NaN,NaN,NaN,NaN,NaN,NaN
20.5688287450522,NaN,NaN,NaN,NaN,NaN,5.19222616806198,NaN,NaN,NaN,NaN,NaN,NaN,NaN
20.8496776866933,NaN,NaN,NaN,NaN,NaN,5.24497663481111,NaN,NaN,NaN,NaN,NaN,NaN,NaN
21.1305266283345,NaN,NaN,NaN,NaN,NaN,5.300128349634,NaN,NaN,NaN,NaN,NaN,NaN,NaN
21.4113755699756,NaN,NaN,NaN,NaN,NaN,5.35770132547383,NaN,NaN,NaN,NaN,NaN,NaN,NaN
21.6922245116167,NaN,NaN,NaN,NaN,NaN,5.41771878712451,NaN,NaN,NaN,NaN,NaN,NaN,NaN
22.0107183561628,NaN,NaN,NaN,NaN,NaN,5.4887728368128,NaN,NaN,NaN,NaN,NaN,NaN,NaN
22.3292122007088,NaN,NaN,NaN,NaN,NaN,5.56305010677032,NaN,NaN,NaN,NaN,NaN,NaN,NaN
22.6477060452548,NaN,NaN,NaN,NaN,NaN,5.64060054092885,NaN,NaN,NaN,NaN,NaN,NaN,NaN
22.9661998898008,NaN,NaN,NaN,NaN,NaN,5.72147865347063,NaN,NaN,NaN,NaN,NaN,NaN,NaN
23.3361384691759,NaN,NaN,NaN,NaN,NaN,5.81967689388064,NaN,NaN,NaN,NaN,NaN,NaN,NaN
23.706077048551,NaN,NaN,NaN,NaN,NaN,5.92254700100656,NaN,NaN,NaN,NaN,NaN,NaN,NaN
24.0760156279261,NaN,NaN,NaN,NaN,NaN,6.03019925627072,NaN,NaN,NaN,NaN,NaN,NaN,NaN
24.4459542073012,NaN,NaN,NaN,NaN,NaN,6.14275229747649,NaN,NaN,NaN,NaN,NaN,NaN,NaN
24.9094296310384,NaN,NaN,NaN,NaN,NaN,6.29087388001209,NaN,NaN,NaN,NaN,NaN,NaN,NaN
25.3729050547756,NaN,NaN,NaN,NaN,NaN,6.44715896712583,NaN,NaN,NaN,NaN,NaN,NaN,NaN
25.8363804785128,NaN,NaN,NaN,NaN,NaN,6.61189960459708,NaN,NaN,NaN,NaN,NaN,NaN,NaN
26.29985590225,NaN,NaN,NaN,NaN,NaN,6.78540233764809,NaN,NaN,NaN,NaN,NaN,NaN,NaN
26.790492049319,NaN,NaN,NaN,NaN,NaN,6.97898822028473,NaN,NaN,NaN,NaN,NaN,NaN,NaN
27.2811281963879,NaN,NaN,NaN,NaN,NaN,7.18319583790999,NaN,NaN,NaN,NaN,NaN,NaN,NaN
27.7717643434569,NaN,NaN,NaN,NaN,NaN,7.39848041999454,NaN,NaN,NaN,NaN,NaN,NaN,NaN
28.2624004905258,NaN,NaN,NaN,NaN,NaN,7.62532348646505,NaN,NaN,NaN,NaN,NaN,NaN,NaN
28.8304925187849,NaN,NaN,NaN,NaN,NaN,7.90309740234601,NaN,NaN,NaN,NaN,NaN,NaN,NaN
29.398584547044,NaN,NaN,NaN,NaN,NaN,8.19792236323811,NaN,NaN,NaN,NaN,NaN,NaN,NaN
29.9666765753031,NaN,NaN,NaN,NaN,NaN,8.51072177190508,NaN,NaN,NaN,NaN,NaN,NaN,NaN
30.5347686035621,NaN,NaN,NaN,NaN,NaN,8.84248602207996,NaN,NaN,NaN,NaN,NaN,NaN,NaN
31.3972686035621,NaN,NaN,NaN,NaN,NaN,9.38484391615264,NaN,NaN,NaN,NaN,NaN,NaN,NaN
32.2597686035621,NaN,NaN,NaN,NaN,NaN,9.97742825370936,NaN,NaN,NaN,NaN,NaN,NaN,NaN
33.1222686035621,NaN,NaN,NaN,NaN,NaN,10.6247382086608,NaN,NaN,NaN,NaN,NaN,NaN,NaN
33.9847686035621,NaN,NaN,NaN,NaN,NaN,11.3317666764675,NaN,NaN,NaN,NaN,NaN,NaN,NaN
34.8472686035621,NaN,NaN,NaN,NaN,NaN,12.1040347084072,NaN,NaN,NaN,NaN,NaN,NaN,NaN
35.7097686035621,NaN,NaN,NaN,NaN,NaN,12.9476303628579,NaN,NaN,NaN,NaN,NaN,NaN,NaN
36.5722686035622,NaN,NaN,NaN,NaN,NaN,13.8693233330008,NaN,NaN,NaN,NaN,NaN,NaN,NaN
37.4347686035621,NaN,NaN,NaN,NaN,NaN,14.8766246398938,NaN,NaN,NaN,NaN,NaN,NaN,NaN
38.2972686035621,NaN,NaN,NaN,NaN,NaN,15.9778406343332,NaN,NaN,NaN,NaN,NaN,NaN,NaN
39.1597686035621,NaN,NaN,NaN,NaN,NaN,17.182130628514,NaN,NaN,NaN,NaN,NaN,NaN,NaN
40.0222686035622,NaN,NaN,NaN,NaN,NaN,18.4996949527233,NaN,NaN,NaN,NaN,NaN,NaN,NaN
40.8847686035622,NaN,NaN,NaN,NaN,NaN,19.941872432212,NaN,NaN,NaN,NaN,NaN,NaN,NaN
41.1635764526716,NaN,NaN,NaN,NaN,NaN,20.4367534746523,NaN,NaN,NaN,NaN,NaN,NaN,NaN
41.4423843017811,NaN,NaN,NaN,NaN,NaN,20.9464083410676,NaN,NaN,NaN,NaN,NaN,NaN,NaN
41.7211921508905,NaN,NaN,NaN,NaN,NaN,21.4713064405122,NaN,NaN,NaN,NaN,NaN,NaN,NaN
42,NaN,NaN,NaN,NaN,NaN,22.0119335938885,NaN,NaN,NaN,NaN,NaN,NaN,NaN
